filmid,title,runtime,genre,director,actors,language,country,imdbRating,metascore,imdbVotes,IMDb ID,Worlwide boxoffice,budget,ROI,year,winner,category
tt0245712,Amores Perros,154 min,Drama,Alejandro G. Iñárritu,"Emilio Echevarría, Gael García Bernal, Goya Toledo",Spanish,Mexico,8.0,83.0,"261,019",tt0245712,20908467,2000000.0,9.45,2000,no,foreign language film
tt0190332,"Crouching Tiger, Hidden Dragon",120 min,Action,Ang Lee,"Chow Yun-Fat, Michelle Yeoh, Ziyi Zhang","Mandarin, Chinese",China,7.9,94.0,"285,783",tt0190332,213978518,15000000.0,13.27,2000,yes,foreign language film
tt0190332,"Crouching Tiger, Hidden Dragon",120 min,Action,Ang Lee,"Chow Yun-Fat, Michelle Yeoh, Ziyi Zhang","Mandarin, Chinese",China,7.9,94.0,"285,783",tt0190332,213978518,15000000.0,13.27,2000,no,best picture
tt0234288,Divided We Fall,117 min,Comedy,Jan Hrebejk,"Bolek Polívka, Csongor Kassai, Jaroslav Dusek","German, Czech",Czech Republic,7.6,69.0,"5,448",tt0234288,2046440,0.0,inf,2000,no,foreign language film
tt0209037,Everybody's Famous!,97 min,Comedy,Dominique Deruddere,"Josse De Pauw, Eva van der Gucht, Werner De Smedt","Dutch, English, Spanish",Belgium,6.9,60.0,"3,326",tt0209037,97353,0.0,inf,2000,no,foreign language film
tt0216787,The Taste of Others,112 min,Comedy,Agnès Jaoui,"Anne Alvaro, Jean-Pierre Bacri, Alain Chabat","French, English",France,7.2,78.0,"10,594",tt0216787,1021938,0.0,inf,2000,no,foreign language film
tt0241303,Chocolat,121 min,Drama,Lasse Hallström,"Juliette Binoche, Johnny Depp, Judi Dench","English, French",United Kingdom,7.2,64.0,"206,593",tt0241303,152700626,25000000.0,5.11,2000,no,best picture
tt0195685,Erin Brockovich,131 min,Biography,Steven Soderbergh,"Julia Roberts, Albert Finney, David Brisbin",English,United States,7.4,73.0,"232,375",tt0195685,257851763,50000000.0,4.16,2000,no,best picture
tt0172495,Gladiator,155 min,Action,Ridley Scott,"Russell Crowe, Joaquin Phoenix, Connie Nielsen",English,United States,8.5,67.0,"1,728,425",tt0172495,465516248,103000000.0,3.52,2000,yes,best picture
tt0181865,Traffic,147 min,Crime,Steven Soderbergh,"Michael Douglas, Benicio Del Toro, Catherine Zeta-Jones","English, Spanish",Germany,7.6,86.0,"223,374",tt0181865,207515725,48000000.0,3.32,2000,no,best picture
tt0268397,Jimmy Neutron: Boy Genius,82 min,Animation,John A. Davis,"Debi Derryberry, Rob Paulsen, Megan Cavanagh",English,United States,6.1,65.0,"39,233",tt0268397,102992536,25000000.0,3.12,2001,no,animated feature film
tt0198781,"Monsters, Inc.",92 min,Animation,"Pete Docter, David Silverman, Lee Unkrich","Billy Crystal, John Goodman, Mary Gibbs",English,United States,8.1,79.0,"1,026,193",tt0198781,579770299,115000000.0,4.04,2001,no,animated feature film
tt0126029,Shrek,90 min,Animation,"Andrew Adamson, Vicky Jenson","Mike Myers, Eddie Murphy, Cameron Diaz",English,United States,7.9,84.0,"763,726",tt0126029,488977919,50000000.0,8.78,2001,yes,animated feature film
tt0211915,Amélie,122 min,Comedy,Jean-Pierre Jeunet,"Audrey Tautou, Mathieu Kassovitz, Rufus","French, Russian, English",France,8.3,70.0,"814,883",tt0211915,175183052,10000000.0,16.52,2001,no,foreign language film
tt0279064,Elling,89 min,Comedy,Petter Næss,"Per Christian Ellefsen, Sven Nordin, Marit Pia Jacobsen",Norwegian,Norway,7.5,70.0,"16,012",tt0279064,2042190,2100000.0,-0.03,2001,no,foreign language film
tt0169102,Lagaan: Once Upon a Time in India,224 min,Drama,Ashutosh Gowariker,"Aamir Khan, Raghubir Yadav, Gracy Singh","Hindi, English",India,8.1,84.0,"122,152",tt0169102,1724806,9000000.0,-0.81,2001,no,foreign language film
tt0283509,No Man's Land,98 min,Comedy,Danis Tanovic,"Branko Djuric, Rene Bitorajac, Filip Sovagovic","Bosnian, French, English, Serbian",France,7.9,84.0,"49,335",tt0283509,4858869,1000000.0,3.86,2001,yes,foreign language film
tt0292542,Son of the Bride,123 min,Comedy,Juan José Campanella,"Ricardo Darín, Héctor Alterio, Norma Aleandro",Spanish,Argentina,7.8,68.0,"16,702",tt0292542,8772695,0.0,inf,2001,no,foreign language film
tt0268978,A Beautiful Mind,135 min,Biography,Ron Howard,"Russell Crowe, Ed Harris, Jennifer Connelly",English,United States,8.2,72.0,"1,019,484",tt0268978,316791257,78000000.0,3.06,2001,yes,best picture
tt0280707,Gosford Park,137 min,Comedy,Robert Altman,"Maggie Smith, Ryan Phillippe, Michael Gambon","English, Latin",United Kingdom,7.2,90.0,"96,190",tt0280707,87754044,18000000.0,3.88,2001,no,best picture
tt0247425,In the Bedroom,131 min,Crime,Todd Field,"Tom Wilkinson, Sissy Spacek, Nick Stahl","English, Serbo-Croatian",United States,7.4,86.0,"42,925",tt0247425,44763181,1700000.0,25.33,2001,no,best picture
tt0120737,The Lord of the Rings: The Fellowship of the Ring,178 min,Adventure,Peter Jackson,"Elijah Wood, Ian McKellen, Orlando Bloom","English, Sindarin",New Zealand,8.9,92.0,"2,104,541",tt0120737,888483037,93000000.0,8.55,2001,no,best picture
tt0203009,Moulin Rouge!,127 min,Drama,Baz Luhrmann,"Nicole Kidman, Ewan McGregor, John Leguizamo","English, French, Spanish",Australia,7.6,66.0,"304,330",tt0203009,184935252,53000000.0,2.49,2001,no,best picture
tt0268380,Ice Age,81 min,Animation,"Chris Wedge, Carlos Saldanha","Denis Leary, John Leguizamo, Ray Romano",English,United States,7.5,61.0,"541,606",tt0268380,383257136,65000000.0,4.9,2002,no,animated feature film
tt0275847,Lilo & Stitch,85 min,Animation,"Dean DeBlois, Chris Sanders","Daveigh Chase, Chris Sanders, Tia Carrere","English, Hawaiian",United States,7.3,74.0,"224,747",tt0275847,273147061,80000000.0,2.41,2002,no,animated feature film
tt0166813,Spirit: Stallion of the Cimarron,83 min,Animation,"Kelly Asbury, Lorna Cook","Matt Damon, James Cromwell, Daniel Studi",English,United States,7.2,52.0,"89,645",tt0166813,122563539,80000000.0,0.53,2002,no,animated feature film
tt0245429,Spirited Away,124 min,Animation,Hayao Miyazaki,"Daveigh Chase, Suzanne Pleshette, Miyu Irino","Japanese, English",Japan,8.6,96.0,"905,425",tt0245429,358898676,19200000.0,17.69,2002,yes,animated feature film
tt0133240,Treasure Planet,95 min,Animation,"Ron Clements, John Musker","Joseph Gordon-Levitt, Emma Thompson, Martin Short",English,United States,7.2,60.0,"139,829",tt0133240,110041363,100000000.0,0.1,2002,no,animated feature film
tt0313196,The Crime of Padre Amaro,118 min,Drama,Carlos Carrera,"Gael García Bernal, Ana Claudia Talancón, Sancho Gracia",Spanish,Mexico,6.7,60.0,"14,550",tt0313196,26996738,3000000.0,8.0,2002,no,foreign language film
tt0299977,Hero,107 min,Action,Yimou Zhang,"Jet Li, Tony Leung Chiu-wai, Maggie Cheung",Mandarin,Hong Kong,7.9,85.0,"190,575",tt0299977,177395557,42000000.0,3.22,2002,no,foreign language film
tt0311519,The Man Without a Past,97 min,Comedy,Aki Kaurismäki,"Markku Peltola, Kati Outinen, Annikki Tähti",Finnish,Finland,7.6,84.0,"26,845",tt0311519,9564237,0.0,inf,2002,no,foreign language film
tt0161860,Nowhere in Africa,141 min,Biography,Caroline Link,"Juliane Köhler, Merab Ninidze, Matthias Habich","German, Swahili, English",Germany,7.5,72.0,"14,370",tt0161860,24322180,6500000.0,2.74,2002,yes,foreign language film
tt0245157,Zus & Zo,106 min,Comedy,Paula van der Oest,"Sylvia Poorta, Anneke Blok, Monic Hendrickx","Dutch, English, French, Portuguese",Netherlands,6.1,50.0,"1,699",tt0245157,281219,0.0,inf,2002,no,foreign language film
tt0299658,Chicago,113 min,Comedy,Rob Marshall,"Renée Zellweger, Catherine Zeta-Jones, Richard Gere","English, Hungarian",United States,7.2,81.0,"247,886",tt0299658,306777366,30000000.0,9.23,2002,yes,best picture
tt0217505,Gangs of New York,167 min,Crime,Martin Scorsese,"Leonardo DiCaprio, Cameron Diaz, Daniel Day-Lewis","English, Irish Gaelic, Chinese, Latin",United States,7.5,72.0,"487,381",tt0217505,193772504,97000000.0,1.0,2002,no,best picture
tt0274558,The Hours,110 min,Drama,Stephen Daldry,"Meryl Streep, Nicole Kidman, Julianne Moore",English,United States,7.5,80.0,"143,548",tt0274558,108846217,25000000.0,3.35,2002,no,best picture
tt0167261,The Lord of the Rings: The Two Towers,179 min,Adventure,Peter Jackson,"Elijah Wood, Ian McKellen, Viggo Mortensen","English, Sindarin, Old English",New Zealand,8.8,87.0,"1,859,452",tt0167261,938532865,94000000.0,8.98,2002,no,best picture
tt0253474,The Pianist,150 min,Biography,Roman Polanski,"Adrien Brody, Thomas Kretschmann, Frank Finlay","English, German, Russian",France,8.5,85.0,"964,581",tt0253474,120098945,35000000.0,2.43,2002,no,best picture
tt0328880,Brother Bear,85 min,Animation,"Aaron Blaise, Robert Walker","Joaquin Phoenix, Jeremy Suarez, Rick Moranis","English, Inuktitut, Croatian, Serbian",United States,6.9,48.0,"128,243",tt0328880,250397798,46000000.0,4.44,2003,no,animated feature film
tt0266543,Finding Nemo,100 min,Animation,"Andrew Stanton, Lee Unkrich","Albert Brooks, Ellen DeGeneres, Alexander Gould","English, Japanese, Russian",United States,8.2,90.0,"1,157,141",tt0266543,941637960,94000000.0,9.02,2003,yes,animated feature film
tt0286244,The Triplets of Belleville,80 min,Animation,Sylvain Chomet,"Michèle Caucheteux, Jean-Claude Donda, Michel Robin","French, Portuguese",France,7.7,91.0,"57,843",tt0286244,14776775,10000000.0,0.48,2003,no,animated feature film
tt0338135,The Barbarian Invasions,99 min,Comedy,Denys Arcand,"Rémy Girard, Dorothée Berryman, Stéphane Rousseau","French, English",Canada,7.5,70.0,"30,322",tt0338135,34883010,4500000.0,6.75,2003,yes,foreign language film
tt0338309,Evil,113 min,Drama,Mikael Håfström,"Andreas Wilson, Henrik Lundström, Gustaf Skarsgård","Swedish, Finnish",Sweden,7.7,61.0,"42,845",tt0338309,528245,0.0,inf,2003,no,foreign language film
tt0351817,The Twilight Samurai,129 min,Drama,Yôji Yamada,"Hiroyuki Sanada, Rie Miyazawa, Nenji Kobayashi",Japanese,Japan,8.1,82.0,"26,098",tt0351817,7372769,0.0,inf,2003,no,foreign language film
tt0322674,Twin Sisters,137 min,Drama,Ben Sombogaart,"Ellen Vogel, Gudrun Okras, Thekla Reuten","Dutch, German, English, French",Netherlands,7.4,,"7,365",tt0322674,5938165,0.0,inf,2003,no,foreign language film
tt0288330,Zelary,150 min,Drama,Ondrej Trojan,"Anna Geislerová, György Cserhalmi, Ivan Trojan","Czech, Russian, German",Czech Republic,7.5,66.0,"3,788",tt0288330,15461305,0.0,inf,2003,no,foreign language film
tt0167260,The Lord of the Rings: The Return of the King,201 min,Adventure,Peter Jackson,"Elijah Wood, Viggo Mortensen, Ian McKellen","English, Quenya, Old English, Sindarin",New Zealand,9.0,94.0,"2,074,794",tt0167260,1138585992,94000000.0,11.11,2003,yes,best picture
tt0335266,Lost in Translation,102 min,Comedy,Sofia Coppola,"Bill Murray, Scarlett Johansson, Giovanni Ribisi","English, Japanese, German, French",United States,7.7,91.0,"507,784",tt0335266,118688756,4000000.0,28.67,2003,no,best picture
tt0311113,Master and Commander: The Far Side of the World,138 min,Action,Peter Weir,"Russell Crowe, Paul Bettany, Billy Boyd","English, French, Portuguese",United States,7.5,81.0,"246,026",tt0311113,211622535,135000000.0,0.57,2003,no,best picture
tt0327056,Mystic River,138 min,Crime,Clint Eastwood,"Sean Penn, Tim Robbins, Kevin Bacon",English,United States,7.9,84.0,"499,313",tt0327056,156595191,30000000.0,4.22,2003,no,best picture
tt0329575,Seabiscuit,140 min,Drama,Gary Ross,"Tobey Maguire, Jeff Bridges, Elizabeth Banks",English,United States,7.3,72.0,"77,696",tt0329575,148336445,86000000.0,0.72,2003,no,best picture
tt0317705,The Incredibles,115 min,Animation,Brad Bird,"Craig T. Nelson, Samuel L. Jackson, Holly Hunter","English, French, German, Italian, Portuguese, Russian",United States,8.0,90.0,"851,626",tt0317705,631688498,92000000.0,5.87,2004,yes,animated feature film
tt0307453,Shark Tale,90 min,Animation,"Bibo Bergeron, Vicky Jenson, Rob Letterman","Will Smith, Robert De Niro, Renée Zellweger",English,United States,6.0,48.0,"205,957",tt0307453,374583879,75000000.0,3.99,2004,no,animated feature film
tt0298148,Shrek 2,93 min,Animation,"Andrew Adamson, Kelly Asbury, Conrad Vernon","Mike Myers, Eddie Murphy, Cameron Diaz",English,United States,7.4,75.0,"530,600",tt0298148,932530034,70000000.0,12.32,2004,no,animated feature film
tt0382330,As It Is in Heaven,133 min,Comedy,Kay Pollak,"Michael Nyqvist, Frida Hallgren, Helen Sjöholm","Swedish, English, Italian",Sweden,7.5,,"18,436",tt0382330,18328469,450000.0,39.73,2004,no,foreign language film
tt0372824,The Chorus,97 min,Drama,Christophe Barratier,"Gérard Jugnot, François Berléand, Jean-Baptiste Maunier",French,France,7.8,56.0,"68,923",tt0372824,88385944,13000000.0,5.8,2004,no,foreign language film
tt0363163,Downfall,156 min,Biography,Oliver Hirschbiegel,"Bruno Ganz, Alexandra Maria Lara, Ulrich Matthes","German, Russian, French, Hungarian, English",Germany,8.2,82.0,"387,266",tt0363163,92181574,13500000.0,5.83,2004,no,foreign language film
tt0369702,The Sea Inside,126 min,Biography,Alejandro Amenábar,"Javier Bardem, Belén Rueda, Lola Dueñas","Spanish, Catalan, Galician",Spain,8.0,74.0,"86,753",tt0369702,43731621,11500000.0,2.8,2004,yes,foreign language film
tt0419279,Yesterday,90 min,Drama,Darrell Roodt,"Leleti Khumalo, Lihle Mvelase, Kenneth Khambula",Zulu,South Africa,7.5,,"2,471",tt0419279,246439,26000000.0,-0.99,2004,no,foreign language film
tt0338751,The Aviator,170 min,Biography,Martin Scorsese,"Leonardo DiCaprio, Cate Blanchett, Kate Beckinsale","English, Persian",United States,7.5,77.0,"391,524",tt0338751,213719942,190000000.0,0.12,2004,no,best picture
tt0308644,Finding Neverland,106 min,Biography,Marc Forster,"Johnny Depp, Kate Winslet, Julie Christie",English,United States,7.7,67.0,"213,751",tt0308644,116650613,25000000.0,3.67,2004,no,best picture
tt0405159,Million Dollar Baby,132 min,Drama,Clint Eastwood,"Hilary Swank, Clint Eastwood, Morgan Freeman","English, Irish Gaelic, German",United States,8.1,86.0,"745,543",tt0405159,216763646,30000000.0,6.23,2004,yes,best picture
tt0350258,Ray,152 min,Biography,Taylor Hackford,"Jamie Foxx, Regina King, Kerry Washington",English,United States,7.7,73.0,"160,266",tt0350258,123971376,40000000.0,2.1,2004,no,best picture
tt0375063,Sideways,127 min,Comedy,Alexander Payne,"Paul Giamatti, Thomas Haden Church, Virginia Madsen","English, Armenian, French",United States,7.5,94.0,"209,135",tt0375063,109706931,17000000.0,5.45,2004,no,best picture
tt0347149,Howl's Moving Castle,119 min,Animation,Hayao Miyazaki,"Chieko Baishô, Takuya Kimura, Tatsuya Gashûin",Japanese,Japan,8.2,82.0,"480,420",tt0347149,240971323,19000000.0,11.68,2005,no,animated feature film
tt0121164,Corpse Bride,77 min,Animation,"Tim Burton, Mike Johnson","Johnny Depp, Helena Bonham Carter, Emily Watson",English,United States,7.4,83.0,"310,890",tt0121164,117237680,40000000.0,1.93,2005,no,animated feature film
tt0312004,Wallace & Gromit: The Curse of the Were-Rabbit,85 min,Animation,"Steve Box, Nick Park","Peter Sallis, Helena Bonham Carter, Ralph Fiennes",English,United Kingdom,7.5,87.0,"152,997",tt0312004,192776116,30000000.0,5.43,2005,yes,animated feature film
tt0443446,Don't Tell,120 min,Drama,Cristina Comencini,"Giovanna Mezzogiorno, Luigi Lo Cascio, Alessio Boni","Italian, English",Italy,6.4,52.0,"2,613",tt0443446,5923415,0.0,inf,2005,no,foreign language film
tt0424205,Joyeux Noel,116 min,Drama,Christian Carion,"Diane Kruger, Benno Fürmann, Guillaume Canet","French, German, English, Latin",France,7.6,70.0,"33,037",tt0424205,17709155,22000000.0,-0.2,2005,no,foreign language film
tt0445620,Paradise Now,91 min,Crime,Hany Abu-Assad,"Kais Nashif, Ali Suliman, Lubna Azabal","Arabic, English",Occupied Palestinian Territory,7.4,71.0,"24,349",tt0445620,3579902,0.0,inf,2005,no,foreign language film
tt0426578,Sophie Scholl: The Final Days,120 min,Biography,Marc Rothemund,"Julia Jentsch, Fabian Hinrichs, Alexander Held",German,Germany,7.6,76.0,"29,091",tt0426578,10804315,6000000.0,0.8,2005,no,foreign language film
tt0468565,Tsotsi,94 min,Crime,Gavin Hood,"Presley Chweneyagae, Mothusi Magano, Israel Matseke-Zulu","Zulu, Sotho, Xhosa, Afrikaans, English",United Kingdom,7.2,70.0,"31,817",tt0468565,9891303,3000000.0,2.3,2005,yes,foreign language film
tt0388795,Brokeback Mountain,134 min,Drama,Ang Lee,"Jake Gyllenhaal, Heath Ledger, Michelle Williams","English, Spanish",Canada,7.7,87.0,"399,825",tt0388795,178064141,13900000.0,11.81,2005,no,best picture
tt0379725,Capote,114 min,Biography,Bennett Miller,"Philip Seymour Hoffman, Clifton Collins Jr., Catherine Keener",English,United States,7.3,88.0,"144,716",tt0379725,49327405,7000000.0,6.05,2005,no,best picture
tt0375679,Crash,112 min,Crime,Paul Haggis,"Don Cheadle, Sandra Bullock, Thandiwe Newton","English, Persian, Spanish, Mandarin, Korean",United States,7.7,66.0,"454,574",tt0375679,98410061,10000000.0,8.84,2005,yes,best picture
tt0433383,"Good Night, and Good Luck.",93 min,Biography,George Clooney,"David Strathairn, George Clooney, Patricia Clarkson",English,United Kingdom,7.4,80.0,"102,376",tt0433383,54641191,7000000.0,6.81,2005,no,best picture
tt0408306,Munich,164 min,Drama,Steven Spielberg,"Eric Bana, Daniel Craig, Marie-Josée Croze","English, German, French, Hebrew, Arabic, Italian, Greek, Russian, Dutch",France,7.5,74.0,"246,983",tt0408306,130982407,75000000.0,0.75,2005,no,best picture
tt0317219,Cars,116 min,Animation,"John Lasseter, Joe Ranft","Owen Wilson, Bonnie Hunt, Paul Newman","English, Italian, Japanese, Yiddish",United States,7.3,73.0,"501,895",tt0317219,461996328,70000000.0,5.6,2006,no,animated feature film
tt0366548,Happy Feet,108 min,Animation,"George Miller, Warren Coleman, Judy Morris","Elijah Wood, Brittany Murphy, Hugh Jackman",English,United States,6.4,77.0,"206,080",tt0366548,384336179,85000000.0,3.52,2006,yes,animated feature film
tt0385880,Monster House,91 min,Animation,Gil Kenan,"Mitchel Musso, Sam Lerner, Spencer Locke",English,United States,6.7,68.0,"145,933",tt0385880,141861243,75000000.0,0.89,2006,no,animated feature film
tt0457655,After the Wedding,120 min,Drama,Susanne Bier,"Mads Mikkelsen, Sidse Babett Knudsen, Rolf Lassgård","Danish, Swedish, English, Hindi",Denmark,7.7,78.0,"37,670",tt0457655,11632723,7000000.0,0.66,2006,no,foreign language film
tt0444182,Days of Glory,120 min,Drama,Rachid Bouchareb,"Samy Naceri, Roschdy Zem, Sami Bouajila","French, Arabic",Algeria,7.0,82.0,"15,320",tt0444182,22963701,20000000.0,0.15,2006,no,foreign language film
tt0405094,The Lives of Others,137 min,Drama,Florian Henckel von Donnersmarck,"Ulrich Mühe, Martina Gedeck, Sebastian Koch",German,Germany,8.4,89.0,"426,492",tt0405094,77672685,2000000.0,37.84,2006,yes,foreign language film
tt0457430,Pan's Labyrinth,118 min,Drama,Guillermo del Toro,"Ivana Baquero, Ariadna Gil, Sergi López",Spanish,Mexico,8.2,98.0,"724,170",tt0457430,83863565,19000000.0,3.41,2006,no,foreign language film
tt0240200,Water,117 min,Drama,Deepa Mehta,"Lisa Ray, John Abraham, Seema Biswas","Hindi, Sanskrit, English",Canada,7.7,77.0,"15,505",tt0240200,13014956,3000000.0,3.34,2006,no,foreign language film
tt0449467,Babel,143 min,Drama,Alejandro G. Iñárritu,"Brad Pitt, Cate Blanchett, Gael García Bernal","English, Arabic, Spanish, Japanese, Berber languages, French, Russian, Japanese Sign ",United States,7.5,69.0,"322,031",tt0449467,135330835,20000000.0,5.77,2006,no,best picture
tt0407887,The Departed,151 min,Crime,Martin Scorsese,"Leonardo DiCaprio, Matt Damon, Jack Nicholson","English, Cantonese",United States,8.5,85.0,"1,481,779",tt0407887,291481358,90000000.0,2.24,2006,yes,best picture
tt0498380,Letters from Iwo Jima,141 min,Action,Clint Eastwood,"Ken Watanabe, Kazunari Ninomiya, Tsuyoshi Ihara","Japanese, English",United States,7.8,89.0,"172,625",tt0498380,68673228,13000000.0,4.28,2006,no,best picture
tt0449059,Little Miss Sunshine,101 min,Comedy,"Jonathan Dayton, Valerie Faris","Steve Carell, Toni Collette, Greg Kinnear",English,United States,7.8,80.0,"529,633",tt0449059,101059571,8000000.0,11.63,2006,no,best picture
tt0436697,The Queen,103 min,Biography,Stephen Frears,"Helen Mirren, Michael Sheen, James Cromwell","English, German, French",United Kingdom,7.3,90.0,"117,005",tt0436697,124925340,15000000.0,7.33,2006,no,best picture
tt0808417,Persepolis,96 min,Animation,"Vincent Paronnaud, Marjane Satrapi","Chiara Mastroianni, Catherine Deneuve, Gena Rowlands","French, English, Persian, German",France,8.0,90.0,"102,680",tt0808417,22783990,7300000.0,2.12,2007,no,animated feature film
tt0382932,Ratatouille,111 min,Animation,"Brad Bird, Jan Pinkava","Brad Garrett, Lou Romano, Patton Oswalt","English, French",United States,8.1,96.0,"883,425",tt0382932,623729380,150000000.0,3.16,2007,yes,animated feature film
tt0423294,Surf's Up,85 min,Animation,"Ash Brannon, Chris Buck","Shia LaBeouf, Zooey Deschanel, Jon Heder",English,United States,6.7,64.0,"95,811",tt0423294,152010962,100000000.0,0.52,2007,no,animated feature film
tt0758732,Beaufort,131 min,Action,Joseph Cedar,"Oshri Cohen, Itay Tiran, Eli Eltonyo",Hebrew,Israel,6.7,,"4,883",tt0758732,271340,0.0,inf,2007,no,foreign language film
tt0813547,The Counterfeiters,99 min,Crime,Stefan Ruzowitzky,"Karl Markovics, August Diehl, Devid Striesow","German, Russian, English, Hebrew",Austria,7.5,78.0,"47,659",tt0813547,18814713,5000000.0,2.76,2007,yes,foreign language film
tt0879843,Katyn,121 min,Drama,Andrzej Wajda,"Andrzej Chyra, Maja Ostaszewska, Artur Zmijewski","Polish, Russian, German",Poland,7.0,81.0,"17,646",tt0879843,14768451,0.0,inf,2007,no,foreign language film
tt0416044,Mongol: The Rise of Genghis Khan,126 min,Action,Sergei Bodrov,"Tadanobu Asano, Amadu Mamadakov, Khulan Chuluun","Mongolian, Mandarin",Russia,7.2,74.0,"50,221",tt0416044,26527510,20000000.0,0.33,2007,no,foreign language film
tt0488478,12,159 min,Crime,Nikita Mikhalkov,"Sergey Makovetskiy, Sergey Garmash, Apti Magamaev","Russian, Chechen",Russia,7.5,72.0,"15,679",tt0488478,7537453,0.0,inf,2007,no,foreign language film
tt0783233,Atonement,123 min,Drama,Joe Wright,"Keira Knightley, James McAvoy, Brenda Blethyn","English, French",United Kingdom,7.8,85.0,"312,812",tt0783233,129266061,30000000.0,3.31,2007,no,best picture
tt0467406,Juno,96 min,Comedy,Jason Reitman,"Elliot Page, Michael Cera, Jennifer Garner","English, Spanish",United States,7.4,81.0,"558,478",tt0467406,232373066,7000000.0,32.2,2007,no,best picture
tt0465538,Michael Clayton,119 min,Crime,Tony Gilroy,"George Clooney, Tilda Swinton, Tom Wilkinson",English,United States,7.2,82.0,"177,866",tt0465538,92991835,21500000.0,3.33,2007,no,best picture
tt0477348,No Country for Old Men,122 min,Crime,"Ethan Coen, Joel Coen","Tommy Lee Jones, Javier Bardem, Josh Brolin","English, Spanish",United States,8.2,92.0,"1,120,666",tt0477348,171632777,25000000.0,5.87,2007,yes,best picture
tt0469494,There Will Be Blood,158 min,Drama,Paul Thomas Anderson,"Daniel Day-Lewis, Paul Dano, Ciarán Hinds","English, American Sign ",United States,8.2,93.0,"668,453",tt0469494,76430381,25000000.0,2.06,2007,no,best picture
tt0397892,Bolt,96 min,Animation,"Byron Howard, Chris Williams","John Travolta, Miley Cyrus, Susie Essman",English,United States,6.8,67.0,"236,537",tt0397892,309979994,150000000.0,1.07,2008,no,animated feature film
tt0441773,Kung Fu Panda,92 min,Animation,"Mark Osborne, John Stevenson","Jack Black, Ian McShane, Angelina Jolie",English,United States,7.6,74.0,"549,513",tt0441773,632384787,130000000.0,3.86,2008,no,animated feature film
tt0910970,WALL·E,98 min,Animation,Andrew Stanton,"Ben Burtt, Elissa Knight, Jeff Garlin",English,United States,8.4,95.0,"1,259,621",tt0910970,527403656,180000000.0,1.93,2008,yes,animated feature film
tt0765432,The Baader Meinhof Complex,150 min,Action,Uli Edel,"Martina Gedeck, Moritz Bleibtreu, Johanna Wokalek","German, English, French, Swedish, Arabic",Germany,7.3,76.0,"40,508",tt0765432,26937355,23000000.0,0.17,2008,no,foreign language film
tt1068646,The Class,128 min,Drama,Laurent Cantet,"François Bégaudeau, Agame Malembo-Emene, Angélica Sancio","French, Bambara, Spanish",France,7.5,92.0,"36,785",tt1068646,29303505,7000000.0,3.19,2008,no,foreign language film
tt1069238,Departures,130 min,Drama,Yôjirô Takita,"Masahiro Motoki, Ryôko Hirosue, Tsutomu Yamazaki",Japanese,Japan,8.0,68.0,"55,909",tt1069238,74236951,4500000.0,15.5,2008,yes,foreign language film
tt1173745,Revanche,121 min,Crime,Götz Spielmann,"Johannes Krisch, Irina Potapenko, Andreas Lust","German, Russian",Austria,7.5,84.0,"16,327",tt1173745,886407,0.0,inf,2008,no,foreign language film
tt1185616,Waltz with Bashir,90 min,Documentary,Ari Folman,"Ari Folman, Ron Ben-Yishai, Ronny Dayag","Hebrew, Arabic, German, English",Israel,8.0,91.0,"61,713",tt1185616,11179372,2000000.0,4.59,2008,no,foreign language film
tt0421715,The Curious Case of Benjamin Button,166 min,Drama,David Fincher,"Brad Pitt, Cate Blanchett, Tilda Swinton","English, Russian, French",United States,7.8,70.0,"719,514",tt0421715,335802786,160000000.0,1.1,2008,no,best picture
tt0870111,Frost/Nixon,122 min,Biography,Ron Howard,"Frank Langella, Michael Sheen, Kevin Bacon",English,United Kingdom,7.6,80.0,"113,901",tt0870111,27426335,29000000.0,-0.05,2008,no,best picture
tt1013753,Milk,128 min,Biography,Gus Van Sant,"Sean Penn, Josh Brolin, Emile Hirsch",English,United States,7.5,83.0,"181,480",tt1013753,54662930,20000000.0,1.73,2008,no,best picture
tt0976051,The Reader,124 min,Drama,Stephen Daldry,"Kate Winslet, Ralph Fiennes, Bruno Ganz","English, German, Greek, Latin",Germany,7.6,58.0,"268,414",tt0976051,108902486,32500000.0,2.35,2008,no,best picture
tt1010048,Slumdog Millionaire,120 min,Crime,"Danny Boyle, Loveleen Tandan","Dev Patel, Freida Pinto, Saurabh Shukla","English, Hindi",United Kingdom,8.0,84.0,"894,660",tt1010048,378411362,14000000.0,26.03,2008,yes,best picture
tt0327597,Coraline,100 min,Animation,Henry Selick,"Dakota Fanning, Teri Hatcher, John Hodgman","English, Russian",United States,7.8,80.0,"283,568",tt0327597,185860104,60000000.0,2.1,2009,no,animated feature film
tt0432283,Fantastic Mr. Fox,87 min,Animation,Wes Anderson,"George Clooney, Meryl Streep, Bill Murray","English, French",United States,7.9,83.0,"285,607",tt0432283,58091644,40000000.0,0.45,2009,no,animated feature film
tt0780521,The Princess and the Frog,97 min,Animation,"Ron Clements, John Musker","Anika Noni Rose, Keith David, Oprah Winfrey","English, French",United States,7.2,73.0,"177,373",tt0780521,267056816,105000000.0,1.54,2009,no,animated feature film
tt0485601,The Secret of Kells,75 min,Animation,"Tomm Moore, Nora Twomey","Evan McGuire, Brendan Gleeson, Mick Lally","Irish Gaelic, Norwegian, Latin, English",Ireland,7.5,81.0,"38,868",tt0485601,1822189,8000000.0,-0.77,2009,no,animated feature film
tt1049413,Up,96 min,Animation,"Pete Docter, Bob Peterson","Edward Asner, Jordan Nagai, John Ratzenberger",English,United States,8.3,88.0,"1,166,741",tt1049413,735103954,175000000.0,3.2,2009,yes,animated feature film
tt1049413,Up,96 min,Animation,"Pete Docter, Bob Peterson","Edward Asner, Jordan Nagai, John Ratzenberger",English,United States,8.3,88.0,"1,166,741",tt1049413,735103954,175000000.0,3.2,2009,no,best picture
tt1077262,Ajami,124 min,Crime,"Scandar Copti, Yaron Shani","Fouad Habash, Nisrin Siksik, Elias Saba","Arabic, Hebrew",Germany,7.3,82.0,"6,636",tt1077262,1331651,1000000.0,0.33,2009,no,foreign language film
tt1206488,The Milk of Sorrow,94 min,Drama,Claudia Llosa,"Magaly Solier, Susi Sánchez, Efraín Solís","Spanish, Quechua",Spain,6.7,68.0,"7,444",tt1206488,1557750,2000000.0,-0.22,2009,no,foreign language film
tt1235166,A Prophet,155 min,Crime,Jacques Audiard,"Tahar Rahim, Niels Arestrup, Adel Bencherif","French, Arabic, Corsican",France,7.8,90.0,"103,929",tt1235166,17873691,10000000.0,0.79,2009,no,foreign language film
tt1305806,The Secret in Their Eyes,129 min,Drama,Juan José Campanella,"Ricardo Darín, Soledad Villamil, Pablo Rago",Spanish,Argentina,8.2,80.0,"229,994",tt1305806,35079650,4000000.0,7.77,2009,yes,foreign language film
tt1149362,The White Ribbon,144 min,Drama,Michael Haneke,"Christian Friedel, Ernst Jacobi, Leonie Benesch","German, Italian, Polish, Latin",Germany,7.8,84.0,"79,018",tt1149362,19353588,11000000.0,0.76,2009,no,foreign language film
tt0499549,Avatar,162 min,Action,James Cameron,"Sam Worthington, Zoe Saldaña, Sigourney Weaver","English, Spanish",United States,7.9,83.0,"1,428,047",tt0499549,2923710708,237000000.0,11.34,2009,no,best picture
tt0878804,The Blind Side,129 min,Biography,John Lee Hancock,"Quinton Aaron, Sandra Bullock, Tim McGraw",English,United States,7.6,53.0,"372,247",tt0878804,309231694,29000000.0,9.66,2009,no,best picture
tt1136608,District 9,112 min,Action,Neill Blomkamp,"Sharlto Copley, David James, Jason Cope","English, Nyanja, Afrikaans, Zulu, Xhosa, Sotho",South Africa,7.9,81.0,"734,532",tt1136608,210888950,30000000.0,6.03,2009,no,best picture
tt1174732,An Education,100 min,Drama,Lone Scherfig,"Carey Mulligan, Peter Sarsgaard, Alfred Molina","English, French",United Kingdom,7.2,85.0,"139,276",tt1174732,26096852,7000000.0,2.73,2009,no,best picture
tt0887912,The Hurt Locker,131 min,Drama,Kathryn Bigelow,"Jeremy Renner, Anthony Mackie, Brian Geraghty","English, Arabic",United States,7.5,95.0,"483,818",tt0887912,49259766,15000000.0,2.28,2009,yes,best picture
tt0361748,Inglourious Basterds,153 min,Adventure,Quentin Tarantino,"Brad Pitt, Diane Kruger, Eli Roth","English, German, French, Italian",United States,8.4,69.0,"1,679,699",tt0361748,321460744,70000000.0,3.59,2009,no,best picture
tt0929632,Precious,110 min,Drama,Lee Daniels,"Gabourey Sidibe, Mo'Nique, Paula Patton","English, Italian",United States,7.3,78.0,"117,933",tt0929632,63649529,10000000.0,5.36,2009,no,best picture
tt1019452,A Serious Man,106 min,Comedy,"Ethan Coen, Joel Coen","Michael Stuhlbarg, Richard Kind, Sari Lennick","English, Yiddish, Hebrew",United Kingdom,7.0,88.0,"154,204",tt1019452,31431652,7000000.0,3.49,2009,no,best picture
tt1193138,Up in the Air,109 min,Comedy,Jason Reitman,"George Clooney, Vera Farmiga, Anna Kendrick",English,United States,7.4,83.0,"354,420",tt1193138,166842739,25000000.0,5.67,2009,no,best picture
tt0892769,How to Train Your Dragon,98 min,Animation,"Dean DeBlois, Chris Sanders","Jay Baruchel, Gerard Butler, Christopher Mintz-Plasse",English,United States,8.1,75.0,"841,318",tt0892769,494879860,165000000.0,2.0,2010,no,animated feature film
tt0775489,The Illusionist,80 min,Animation,Sylvain Chomet,"Jean-Claude Donda, Eilidh Rankin, Duncan MacNeil","English, French, Gaelic",France,7.4,82.0,"36,923",tt0775489,6007194,16000000.0,-0.62,2010,no,animated feature film
tt0435761,Toy Story 3,103 min,Animation,Lee Unkrich,"Tom Hanks, Tim Allen, Joan Cusack","English, Spanish",United States,8.3,92.0,"929,348",tt0435761,1067316101,200000000.0,4.34,2010,yes,animated feature film
tt0435761,Toy Story 3,103 min,Animation,Lee Unkrich,"Tom Hanks, Tim Allen, Joan Cusack","English, Spanish",United States,8.3,92.0,"929,348",tt0435761,1067316101,200000000.0,4.34,2010,no,best picture
tt1164999,Biutiful,148 min,Drama,Alejandro G. Iñárritu,"Javier Bardem, Maricel Álvarez, Hanaa Bouchaib","Spanish, Chinese, Wolof",Mexico,7.4,58.0,"96,218",tt1164999,25147786,35000000.0,-0.28,2010,no,foreign language film
tt1379182,Dogtooth,97 min,Drama,Yorgos Lanthimos,"Christos Stergioglou, Michele Valley, Angeliki Papoulia",Greek,Greece,7.1,73.0,"115,606",tt1379182,721914,323000.0,1.24,2010,no,foreign language film
tt1340107,In a Better World,118 min,Drama,Susanne Bier,"Mikael Persbrandt, Trine Dyrholm, Markus Rygaard","Danish, Swedish, English, Arabic",Denmark,7.6,65.0,"42,168",tt1340107,13004504,6000000.0,1.17,2010,yes,foreign language film
tt1255953,Incendies,131 min,Drama,Denis Villeneuve,"Lubna Azabal, Mélissa Désormeaux-Poulin, Maxim Gaudette","French, Arabic, English",Canada,8.3,80.0,"223,004",tt1255953,6797861,6800000.0,-0.0,2010,no,foreign language film
tt1229381,Outside the Law,138 min,Crime,Rachid Bouchareb,"Jamel Debbouze, Roschdy Zem, Sami Bouajila","French, Arabic, English",France,6.6,59.0,"4,164",tt1229381,3470487,0.0,inf,2010,no,foreign language film
tt0947798,Black Swan,108 min,Drama,Darren Aronofsky,"Natalie Portman, Mila Kunis, Vincent Cassel","English, French, Italian",United States,8.0,79.0,"847,805",tt0947798,329398046,13000000.0,24.34,2010,no,best picture
tt0964517,The Fighter,116 min,Action,David O. Russell,"Mark Wahlberg, Christian Bale, Amy Adams",English,United States,7.8,79.0,"397,651",tt0964517,129190869,25000000.0,4.17,2010,no,best picture
tt1375666,Inception,148 min,Action,Christopher Nolan,"Leonardo DiCaprio, Joseph Gordon-Levitt, Elliot Page","English, Japanese, French",United States,8.8,74.0,"2,671,882",tt1375666,839381898,160000000.0,4.25,2010,no,best picture
tt0842926,The Kids Are All Right,106 min,Comedy,Lisa Cholodenko,"Annette Bening, Julianne Moore, Mark Ruffalo",English,United States,7.0,86.0,"135,717",tt0842926,34758951,4000000.0,7.69,2010,no,best picture
tt1504320,The King's Speech,118 min,Biography,Tom Hooper,"Colin Firth, Geoffrey Rush, Helena Bonham Carter",English,United States,8.0,88.0,"717,579",tt1504320,471155448,15000000.0,30.41,2010,yes,best picture
tt1542344,127 Hours,94 min,Biography,Danny Boyle,"James Franco, Amber Tamblyn, Kate Mara","English, Italian",United Kingdom,7.5,82.0,"413,566",tt1542344,60738797,18000000.0,2.37,2010,no,best picture
tt1285016,The Social Network,120 min,Biography,David Fincher,"Jesse Eisenberg, Andrew Garfield, Justin Timberlake","English, French",United States,7.8,95.0,"786,061",tt1285016,224927749,40000000.0,4.62,2010,no,best picture
tt1403865,True Grit,110 min,Drama,"Ethan Coen, Joel Coen","Jeff Bridges, Matt Damon, Hailee Steinfeld",English,United States,7.6,80.0,"366,886",tt1403865,252278285,0.0,inf,2010,no,best picture
tt1399683,Winter's Bone,100 min,Crime,Debra Granik,"Jennifer Lawrence, John Hawkes, Garret Dillahunt",English,United States,7.1,90.0,"153,370",tt1399683,13796834,2000000.0,5.9,2010,no,best picture
tt1673702,A Cat in Paris,70 min,Animation,"Jean-Loup Felicioli, Alain Gagnol","Dominique Blanc, Bernadette Lafont, Bruno Salomone","French, English",France,6.9,63.0,"12,157",tt1673702,2082071,6000000.0,-0.65,2011,no,animated feature film
tt1235830,Chico & Rita,94 min,Animation,"Tono Errando, Javier Mariscal, Fernando Trueba","Eman Xor Oña, Limara Meneses, Mario Guerra","Spanish, English, French",Spain,7.2,76.0,"9,769",tt1235830,2347919,13000000.0,-0.82,2011,no,animated feature film
tt1302011,Kung Fu Panda 2,90 min,Animation,Jennifer Yuh Nelson,"Jack Black, Angelina Jolie, Jackie Chan",English,United States,7.3,67.0,"338,773",tt1302011,665692281,150000000.0,3.44,2011,no,animated feature film
tt0448694,Puss in Boots,90 min,Animation,Chris Miller,"Antonio Banderas, Salma Hayek, Zach Galifianakis","English, Spanish",United States,6.6,65.0,"201,603",tt0448694,554987477,130000000.0,3.27,2011,no,animated feature film
tt1192628,Rango,107 min,Animation,Gore Verbinski,"Johnny Depp, Isla Fisher, Timothy Olyphant",English,United States,7.3,75.0,"304,245",tt1192628,245724603,135000000.0,0.82,2011,yes,animated feature film
tt1821593,Bullhead,129 min,Crime,Michaël R. Roskam,"Matthias Schoenaerts, Jeroen Perceval, Jeanne Dandoy","Flemish, French, Dutch",Belgium,7.3,68.0,"24,560",tt1821593,4483147,3000000.0,0.49,2011,no,foreign language film
tt1445520,Footnote,107 min,Comedy,Joseph Cedar,"Shlomo Bar-Aba, Lior Ashkenazi, Aliza Rosen",Hebrew,Israel,7.1,83.0,"6,401",tt1445520,2451259,1500000.0,0.63,2011,no,foreign language film
tt1417075,In Darkness,145 min,Drama,Agnieszka Holland,"Robert Wieckiewicz, Benno Fürmann, Agnieszka Grochowska","Polish, German, Yiddish, Ukrainian, Russian",Poland,7.3,74.0,"11,254",tt1417075,9955885,0.0,inf,2011,no,foreign language film
tt2011971,Monsieur Lazhar,95 min,Comedy,Philippe Falardeau,"Mohamed Fellag, Sophie Nélisse, Émilien Néron","French, English, Arabic",Canada,7.5,82.0,"21,403",tt2011971,9074711,0.0,inf,2011,no,foreign language film
tt1832382,A Separation,123 min,Drama,Asghar Farhadi,"Payman Maadi, Leila Hatami, Sareh Bayat",Persian,Iran,8.3,95.0,"266,651",tt1832382,22926076,3000000.0,6.64,2011,yes,foreign language film
tt1655442,The Artist,100 min,Comedy,Michel Hazanavicius,"Jean Dujardin, Bérénice Bejo, John Goodman","English, French",France,7.8,89.0,"251,986",tt1655442,133471171,16000000.0,7.34,2011,yes,best picture
tt1033575,The Descendants,115 min,Comedy,Alexander Payne,"George Clooney, Shailene Woodley, Amara Miller",English,United States,7.3,84.0,"255,738",tt1033575,177243185,20000000.0,7.86,2011,no,best picture
tt0477302,Extremely Loud & Incredibly Close,129 min,Adventure,Stephen Daldry,"Thomas Horn, Tom Hanks, Sandra Bullock",English,United States,6.9,46.0,"105,897",tt0477302,55247881,40000000.0,0.38,2011,no,best picture
tt1454029,The Help,146 min,Drama,Tate Taylor,"Viola Davis, Emma Stone, Octavia Spencer",English,United States,8.1,62.0,"511,326",tt1454029,221802186,25000000.0,7.87,2011,no,best picture
tt0970179,Hugo,126 min,Adventure,Martin Scorsese,"Asa Butterfield, Chloë Grace Moretz, Christopher Lee",English,United States,7.5,83.0,"340,341",tt0970179,185770310,180000000.0,0.03,2011,no,best picture
tt1605783,Midnight in Paris,94 min,Comedy,Woody Allen,"Owen Wilson, Rachel McAdams, Kathy Bates","English, French, Spanish, German",Spain,7.6,81.0,"461,265",tt1605783,151487383,30000000.0,4.05,2011,no,best picture
tt1210166,Moneyball,133 min,Biography,Bennett Miller,"Brad Pitt, Robin Wright, Jonah Hill",English,United States,7.6,87.0,"485,155",tt1210166,110206216,50000000.0,1.2,2011,no,best picture
tt0478304,The Tree of Life,139 min,Drama,Terrence Malick,"Brad Pitt, Sean Penn, Jessica Chastain",English,United States,6.8,85.0,"187,897",tt0478304,58386787,32000000.0,0.82,2011,no,best picture
tt1568911,War Horse,146 min,Adventure,Steven Spielberg,"Jeremy Irvine, Emily Watson, David Thewlis","English, German",United States,7.2,72.0,"168,295",tt1568911,177584879,70000000.0,1.54,2011,no,best picture
tt1217209,Brave,93 min,Animation,"Mark Andrews, Brenda Chapman, Steve Purcell","Kelly Macdonald, Billy Connolly, Emma Thompson",English,United States,7.1,69.0,"459,211",tt1217209,538983207,185000000.0,1.91,2012,yes,animated feature film
tt1142977,Frankenweenie,87 min,Animation,Tim Burton,"Winona Ryder, Catherine O'Hara, Martin Short",English,United States,6.9,74.0,"120,955",tt1142977,85613658,39000000.0,1.2,2012,no,animated feature film
tt1623288,ParaNorman,92 min,Animation,"Chris Butler, Sam Fell","Kodi Smit-McPhee, Anna Kendrick, Christopher Mintz-Plasse",English,United States,7.0,72.0,"113,177",tt1623288,107139399,60000000.0,0.79,2012,no,animated feature film
tt1430626,The Pirates! Band of Misfits,88 min,Animation,"Peter Lord, Jeff Newitt","Hugh Grant, Salma Hayek, Jeremy Piven",English,United Kingdom,6.7,73.0,"52,861",tt1430626,123069765,55000000.0,1.24,2012,no,animated feature film
tt1772341,Wreck-It Ralph,101 min,Animation,Rich Moore,"John C. Reilly, Jack McBrayer, Jane Lynch",English,United States,7.7,72.0,"478,174",tt1772341,471222950,165000000.0,1.86,2012,no,animated feature film
tt1602620,Amour,127 min,Drama,Michael Haneke,"Jean-Louis Trintignant, Emmanuelle Riva, Isabelle Huppert","French, English",France,7.9,95.0,"107,129",tt1602620,29664140,9700000.0,2.06,2012,yes,foreign language film
tt1602620,Amour,127 min,Drama,Michael Haneke,"Jean-Louis Trintignant, Emmanuelle Riva, Isabelle Huppert","French, English",France,7.9,95.0,"107,129",tt1602620,29664140,9700000.0,2.06,2012,no,best picture
tt1613750,Kon-Tiki,118 min,Adventure,"Joachim Rønning, Espen Sandberg","Pål Sverre Hagen, Anders Baasmo, Gustaf Skarsgård","Danish, German, Norwegian, English, French, Swedish, Spanish",United Kingdom,7.1,62.0,"52,942",tt1613750,22842887,0.0,inf,2012,no,foreign language film
tt2059255,No,118 min,Drama,Pablo Larraín,"Gael García Bernal, Alfredo Castro, Antonia Zegers",Spanish,Chile,7.4,81.0,"26,710",tt2059255,7699095,0.0,inf,2012,no,foreign language film
tt1276419,A Royal Affair,137 min,Biography,Nikolaj Arcel,"Alicia Vikander, Mads Mikkelsen, Mikkel Boe Følsgaard","Danish, English, German, French",Denmark,7.5,73.0,"52,660",tt1276419,14758997,10000000.0,0.48,2012,no,foreign language film
tt1820488,War Witch,90 min,Drama,Kim Nguyen,"Rachel Mwanza, Alain Lino Mic Eli Bastien, Serge Kanyinda","French, Lingala",Canada,7.0,84.0,"7,614",tt1820488,313387,2000000.0,-0.84,2012,no,foreign language film
tt1024648,Argo,120 min,Biography,Ben Affleck,"Ben Affleck, Bryan Cranston, John Goodman","English, Persian, German, Arabic",United Kingdom,7.7,86.0,"646,488",tt1024648,232325503,44500000.0,4.22,2012,yes,best picture
tt2125435,Beasts of the Southern Wild,93 min,Adventure,Benh Zeitlin,"Quvenzhané Wallis, Dwight Henry, Levy Easterly",English,United States,7.2,86.0,"85,703",tt2125435,21107746,1800000.0,10.73,2012,no,best picture
tt1853728,Django Unchained,165 min,Comedy,Quentin Tarantino,"Jamie Foxx, Christoph Waltz, Leonardo DiCaprio","English, German, French, Italian",United States,8.5,81.0,"1,763,019",tt1853728,426076293,100000000.0,3.26,2012,no,best picture
tt1707386,Les Misérables,158 min,Drama,Tom Hooper,"Hugh Jackman, Russell Crowe, Anne Hathaway",English,United Kingdom,7.5,63.0,"353,306",tt1707386,442757529,61000000.0,6.26,2012,no,best picture
tt0454876,Life of Pi,127 min,Adventure,Ang Lee,"Suraj Sharma, Irrfan Khan, Adil Hussain","English, Hindi, Japanese, French",United States,7.9,79.0,"684,613",tt0454876,609016565,120000000.0,4.08,2012,no,best picture
tt0443272,Lincoln,150 min,Biography,Steven Spielberg,"Daniel Day-Lewis, Sally Field, David Strathairn",English,United States,7.3,87.0,"278,651",tt0443272,275293450,65000000.0,3.24,2012,no,best picture
tt1045658,Silver Linings Playbook,122 min,Comedy,David O. Russell,"Bradley Cooper, Jennifer Lawrence, Robert De Niro","English, Hindi",United States,7.7,81.0,"759,070",tt1045658,236412453,21000000.0,10.26,2012,no,best picture
tt1790885,Zero Dark Thirty,157 min,Drama,Kathryn Bigelow,"Jessica Chastain, Joel Edgerton, Chris Pratt","English, Arabic, Urdu, Pashtu, French",United States,7.4,95.0,"329,828",tt1790885,132820716,52500000.0,1.53,2012,no,best picture
tt0481499,The Croods,98 min,Animation,"Kirk DeMicco, Chris Sanders","Nicolas Cage, Ryan Reynolds, Emma Stone",English,United States,7.1,55.0,"237,948",tt0481499,587266745,135000000.0,3.35,2013,no,animated feature film
tt1690953,Despicable Me 2,98 min,Animation,"Pierre Coffin, Chris Renaud","Steve Carell, Kristen Wiig, Benjamin Bratt","English, Ukrainian",United States,7.3,62.0,"443,902",tt1690953,970766005,76000000.0,11.77,2013,no,animated feature film
tt1816518,Ernest & Celestine,80 min,Animation,"Stéphane Aubier, Vincent Patar, Benjamin Renner","Lambert Wilson, Pauline Brunner, Anne-Marie Loop","French, English",France,7.8,86.0,"22,756",tt1816518,8170333,8000000.0,0.02,2013,no,animated feature film
tt2294629,Frozen,102 min,Animation,"Chris Buck, Jennifer Lee","Kristen Bell, Idina Menzel, Jonathan Groff",English,United States,7.4,75.0,"686,777",tt2294629,1310333380,0.0,inf,2013,yes,animated feature film
tt2013293,The Wind Rises,126 min,Animation,Hayao Miyazaki,"Hideaki Anno, Hidetoshi Nishijima, Miori Takimoto","Japanese, German, Italian, French",Japan,7.8,83.0,"104,075",tt2013293,137076028,35000000.0,2.92,2013,no,animated feature film
tt2024519,The Broken Circle Breakdown,111 min,Drama,Felix van Groeningen,"Veerle Baetens, Johan Heldenbergh, Nell Cattrysse","Flemish, English, Dutch",Belgium,7.7,70.0,"44,156",tt2024519,6041503,0.0,inf,2013,no,foreign language film
tt2358891,The Great Beauty,141 min,Drama,Paolo Sorrentino,"Toni Servillo, Carlo Verdone, Sabrina Ferilli","Italian, Japanese, Spanish, Chinese, French, Latin, German, English",Italy,7.7,86.0,"100,081",tt2358891,25467399,13000000.0,0.96,2013,yes,foreign language film
tt2106476,The Hunt,115 min,Drama,Thomas Vinterberg,"Mads Mikkelsen, Thomas Bo Larsen, Annika Wedderkopp","Danish, English, Polish",Denmark,8.3,77.0,"380,978",tt2106476,15886373,4000000.0,2.97,2013,no,foreign language film
tt2852470,The Missing Picture,92 min,Documentary,Rithy Panh,"Randal Douc, Jean-Baptiste Phou",French,Cambodia,7.3,87.0,"3,588",tt2852470,78097,1000000.0,-0.92,2013,no,foreign language film
tt2852406,Omar,98 min,Crime,Hany Abu-Assad,"Adam Bakri, Leem Lubany, Eyad Hourani","Arabic, Hebrew",Occupied Palestinian Territory,7.5,75.0,"15,858",tt2852406,614444,0.0,inf,2013,no,foreign language film
tt1800241,American Hustle,138 min,Crime,David O. Russell,"Christian Bale, Amy Adams, Bradley Cooper","English, Arabic",United States,7.2,90.0,"509,633",tt1800241,251171807,40000000.0,5.28,2013,no,best picture
tt1535109,Captain Phillips,134 min,Action,Paul Greengrass,"Tom Hanks, Barkhad Abdi, Barkhad Abdirahman","English, Somali",United States,7.8,82.0,"506,837",tt1535109,218791811,55000000.0,2.98,2013,no,best picture
tt0790636,Dallas Buyers Club,117 min,Biography,Jean-Marc Vallée,"Matthew McConaughey, Jennifer Garner, Jared Leto","English, Japanese",United States,7.9,77.0,"532,298",tt0790636,55198285,5000000.0,10.04,2013,no,best picture
tt1454468,Gravity,91 min,Drama,Alfonso Cuarón,"Sandra Bullock, George Clooney, Ed Harris","English, Greenlandic",United Kingdom,7.7,96.0,"877,210",tt1454468,723719539,110000000.0,5.58,2013,no,best picture
tt1798709,Her,126 min,Drama,Spike Jonze,"Joaquin Phoenix, Amy Adams, Scarlett Johansson",English,United States,8.0,91.0,"693,732",tt1798709,48269269,23000000.0,1.1,2013,no,best picture
tt1821549,Nebraska,115 min,Drama,Alexander Payne,"Bruce Dern, Will Forte, June Squibb","English, Spanish",United States,7.7,86.0,"126,051",tt1821549,27682872,12000000.0,1.31,2013,no,best picture
tt2431286,Philomena,98 min,Biography,Stephen Frears,"Judi Dench, Steve Coogan, Sophie Kennedy Clark",English,United Kingdom,7.6,77.0,"105,621",tt2431286,100129872,12000000.0,7.34,2013,no,best picture
tt2024544,12 Years a Slave,134 min,Biography,Steve McQueen,"Chiwetel Ejiofor, Michael Kenneth Williams, Michael Fassbender",English,United Kingdom,8.1,96.0,"763,954",tt2024544,187734091,20000000.0,8.39,2013,yes,best picture
tt0993846,The Wolf of Wall Street,180 min,Biography,Martin Scorsese,"Leonardo DiCaprio, Jonah Hill, Margot Robbie","English, French",United States,8.2,75.0,"1,683,543",tt0993846,407039432,100000000.0,3.07,2013,no,best picture
tt2245084,Big Hero 6,102 min,Animation,"Don Hall, Chris Williams","Ryan Potter, Scott Adsit, Jamie Chung",English,United States,7.8,74.0,"527,175",tt2245084,657870525,165000000.0,2.99,2014,yes,animated feature film
tt0787474,The Boxtrolls,96 min,Animation,"Graham Annable, Anthony Stacchi","Ben Kingsley, Jared Harris, Nick Frost",English,United States,6.8,61.0,"62,785",tt0787474,108255770,60000000.0,0.8,2014,no,animated feature film
tt1646971,How to Train Your Dragon 2,102 min,Animation,Dean DeBlois,"Jay Baruchel, Cate Blanchett, Gerard Butler",English,United States,7.8,77.0,"380,482",tt1646971,621537519,145000000.0,3.29,2014,no,animated feature film
tt1865505,Song of the Sea,93 min,Animation,Tomm Moore,"David Rawle, Brendan Gleeson, Lisa Hannigan","English, Irish Gaelic",Ireland,8.0,85.0,"65,736",tt1865505,4228034,0.0,inf,2014,no,animated feature film
tt2576852,The Tale of The Princess Kaguya,137 min,Animation,Isao Takahata,"Chloë Grace Moretz, James Caan, Mary Steenburgen",Japanese,Japan,8.0,89.0,"58,154",tt2576852,24751400,49000000.0,-0.49,2014,no,animated feature film
tt2718492,Ida,82 min,Drama,Pawel Pawlikowski,"Agata Kulesza, Agata Trzebuchowska, Dawid Ogrodnik","Polish, Latin, French",Poland,7.4,91.0,"61,665",tt2718492,11156836,2600000.0,3.29,2014,yes,foreign language film
tt2802154,Leviathan,140 min,Crime,Andrey Zvyagintsev,"Aleksey Serebryakov, Elena Lyadova, Roman Madyanov",Russian,Russia,7.6,92.0,"57,739",tt2802154,4439481,0.0,inf,2014,no,foreign language film
tt2991224,Tangerines,87 min,Drama,Zaza Urushadze,"Lembit Ulfsak, Elmo Nüganen, Giorgi Nakashidze","Estonian, Russian, Georgian",Estonia,8.1,73.0,"50,317",tt2991224,1024132,1500000.0,-0.32,2014,no,foreign language film
tt3409392,Timbuktu,96 min,Drama,Abderrahmane Sissako,"Ibrahim Ahmed, Abel Jafri, Toulou Kiki","French, Arabic, Bambara, English, Songhay, Tamashek",France,7.1,92.0,"18,617",tt3409392,7179391,2500000.0,1.87,2014,no,foreign language film
tt3011894,Wild Tales,122 min,Comedy,Damián Szifron,"Darío Grandinetti, María Marull, Mónica Villa",Spanish,Argentina,8.1,77.0,"225,049",tt3011894,31478893,3000000.0,9.49,2014,no,foreign language film
tt2179136,American Sniper,133 min,Action,Clint Eastwood,"Bradley Cooper, Sienna Miller, Kyle Gallner","English, Arabic",United States,7.3,73.0,"548,828",tt2179136,547659020,58000000.0,8.44,2014,no,best picture
tt2562232,Birdman or (The Unexpected Virtue of Ignorance),119 min,Comedy,Alejandro G. Iñárritu,"Michael Keaton, Zach Galifianakis, Edward Norton",English,United States,7.7,87.0,"681,128",tt2562232,103215094,18000000.0,4.73,2014,yes,best picture
tt1065073,Boyhood,165 min,Drama,Richard Linklater,"Ellar Coltrane, Patricia Arquette, Ethan Hawke","English, Spanish, Ukrainian, Arabic",United States,7.9,100.0,"373,700",tt1065073,48137666,4000000.0,11.03,2014,no,best picture
tt2278388,The Grand Budapest Hotel,99 min,Comedy,Wes Anderson,"Ralph Fiennes, F. Murray Abraham, Mathieu Amalric","English, French, German",United States,8.1,88.0,"925,564",tt2278388,174567384,31000000.0,4.63,2014,no,best picture
tt2084970,The Imitation Game,114 min,Biography,Morten Tyldum,"Benedict Cumberbatch, Keira Knightley, Matthew Goode","English, German",United States,8.0,71.0,"842,688",tt2084970,233555708,15000000.0,14.57,2014,no,best picture
tt1020072,Selma,128 min,Biography,Ava DuVernay,"David Oyelowo, Carmen Ejogo, Oprah Winfrey","English, Portuguese",United States,7.5,79.0,"96,889",tt1020072,67782762,20000000.0,2.39,2014,no,best picture
tt2980516,The Theory of Everything,123 min,Biography,James Marsh,"Eddie Redmayne, Felicity Jones, Tom Prior","English, French, Ukrainian",United Kingdom,7.7,71.0,"496,044",tt2980516,123726688,15000000.0,7.25,2014,no,best picture
tt2582802,Whiplash,106 min,Drama,Damien Chazelle,"Miles Teller, J.K. Simmons, Melissa Benoist",English,United States,8.5,89.0,"1,072,121",tt2582802,50360880,3300000.0,14.26,2014,no,best picture
tt2401878,Anomalisa,90 min,Animation,"Duke Johnson, Charlie Kaufman","David Thewlis, Jennifer Jason Leigh, Tom Noonan","English, Italian, Japanese",United Kingdom,7.2,88.0,"76,703",tt2401878,5659286,8000000.0,-0.29,2015,no,animated feature film
tt3183630,The Boy and the World,80 min,Animation,Alê Abreu,"Vinicius Garcia, Marco Aurélio Campos, Lu Horta",Portuguese,Brazil,7.5,80.0,"7,733",tt3183630,277143,2000000.0,-0.86,2015,no,animated feature film
tt2096673,Inside Out,95 min,Animation,"Pete Docter, Ronnie Del Carmen","Amy Poehler, Bill Hader, Lewis Black","English, Portuguese, Latvian",United States,8.1,94.0,"862,834",tt2096673,859076254,0.0,inf,2015,yes,animated feature film
tt2872750,Shaun the Sheep Movie,85 min,Animation,"Mark Burton, Richard Starzak","Justin Fletcher, John Sparkes, Omid Djalili","None, English",United Kingdom,7.3,81.0,"45,000",tt2872750,110549295,25000000.0,3.42,2015,no,animated feature film
tt3398268,When Marnie Was There,103 min,Animation,Hiromasa Yonebayashi,"Sara Takatsuki, Kasumi Arimura, Nanako Matsushima",Japanese,Japan,7.6,72.0,"50,411",tt3398268,35012681,20000000.0,0.75,2015,no,animated feature film
tt4285496,Embrace of the Serpent,125 min,Adventure,Ciro Guerra,"Nilbio Torres, Jan Bijvoet, Antonio Bolívar","Spanish, Portuguese, Aboriginal, German, Catalan, Latin, English",Colombia,7.8,82.0,"25,201",tt4285496,3217212,1200000.0,1.68,2015,no,foreign language film
tt3966404,Mustang,97 min,Drama,Deniz Gamze Ergüven,"Günes Sensoy, Doga Zeynep Doguslu, Tugba Sunguroglu",Turkish,France,7.6,83.0,"41,684",tt3966404,5274664,1400000.0,2.77,2015,no,foreign language film
tt3808342,Son of Saul,107 min,Drama,László Nemes,"Géza Röhrig, Levente Molnár, Urs Rechn","Hungarian, Yiddish, German, Russian, Polish, French, Greek, Slovak, Hebrew",Hungary,7.4,91.0,"52,784",tt3808342,6659121,1500000.0,3.44,2015,yes,foreign language film
tt3170902,Theeb,100 min,Adventure,Naji Abu Nowar,"Jacir Eid Al-Hwietat, Hussein Salameh Al-Sweilhiyeen, Hassan Mutlag Al-Maraiyeh","Arabic, English, Turkish",Jordan,7.2,80.0,"11,706",tt3170902,768449,535000.0,0.44,2015,no,foreign language film
tt3830162,A War,115 min,Crime,Tobias Lindholm,"Pilou Asbæk, Tuva Novotny, Søren Malling","Danish, Arabic, English",Denmark,7.0,81.0,"11,376",tt3830162,1114663,5000000.0,-0.78,2015,no,foreign language film
tt1596363,The Big Short,130 min,Biography,Adam McKay,"Christian Bale, Steve Carell, Ryan Gosling",English,United States,7.8,81.0,"509,381",tt1596363,133440870,28000000.0,3.77,2015,no,best picture
tt3682448,Bridge of Spies,142 min,Drama,Steven Spielberg,"Tom Hanks, Mark Rylance, Alan Alda","English, German, Russian",United States,7.6,81.0,"336,285",tt3682448,165478348,40000000.0,3.14,2015,no,best picture
tt2381111,Brooklyn,117 min,Drama,John Crowley,"Saoirse Ronan, Emory Cohen, Domhnall Gleeson","English, Latin, Irish Gaelic",Ireland,7.5,88.0,"154,923",tt2381111,62402155,11000000.0,4.67,2015,no,best picture
tt1392190,Mad Max: Fury Road,120 min,Action,George Miller,"Tom Hardy, Charlize Theron, Nicholas Hoult","English, Russian",Australia,8.1,90.0,"1,151,388",tt1392190,380437267,150000000.0,1.54,2015,no,best picture
tt3659388,The Martian,144 min,Adventure,Ridley Scott,"Matt Damon, Jessica Chastain, Kristen Wiig","English, Mandarin",United States,8.0,80.0,"956,193",tt3659388,630621406,108000000.0,4.84,2015,no,best picture
tt1663202,The Revenant,156 min,Action,Alejandro G. Iñárritu,"Leonardo DiCaprio, Tom Hardy, Will Poulter","English, Pawnee, French",United States,8.0,76.0,"899,014",tt1663202,532950503,135000000.0,2.95,2015,no,best picture
tt3170832,Room,118 min,Drama,Lenny Abrahamson,"Brie Larson, Jacob Tremblay, Sean Bridgers",English,Ireland,8.1,86.0,"467,294",tt3170832,35402766,0.0,inf,2015,no,best picture
tt1895587,Spotlight,129 min,Biography,Tom McCarthy,"Mark Ruffalo, Michael Keaton, Rachel McAdams",English,United States,8.1,93.0,"514,090",tt1895587,98690254,20000000.0,3.93,2015,yes,best picture
tt4302938,Kubo and the Two Strings,101 min,Animation,Travis Knight,"Charlize Theron, Art Parkinson, Matthew McConaughey",English,United Kingdom,7.7,84.0,"141,495",tt4302938,76249438,55000000.0,0.39,2016,no,animated feature film
tt3521164,Moana,107 min,Animation,"Ron Clements, John Musker, Don Hall","Auli'i Cravalho, Dwayne Johnson, Rachel House","English, French",United States,7.6,81.0,"413,216",tt3521164,643332467,150000000.0,3.29,2016,no,animated feature film
tt2321405,My Life as a Zucchini,70 min,Animation,Claude Barras,"Gaspard Schlatter, Sixtine Murat, Paulin Jaccoud",French,Switzerland,7.8,85.0,"30,271",tt2321405,5873157,8000000.0,-0.27,2016,no,animated feature film
tt3666024,The Red Turtle,80 min,Animation,Michael Dudok de Wit,"Emmanuel Garijo, Tom Hudson, Baptiste Goy",,France,7.5,86.0,"40,211",tt3666024,6613503,6000000.0,0.1,2016,no,animated feature film
tt2948356,Zootopia,108 min,Animation,"Byron Howard, Rich Moore, Jared Bush","Ginnifer Goodwin, Jason Bateman, Idris Elba",English,United States,8.0,78.0,"577,006",tt2948356,1025521689,150000000.0,5.84,2016,yes,animated feature film
tt3841424,Land of Mine,100 min,Drama,Martin Zandvliet,"Roland Møller, Louis Hofmann, Joel Basman","German, Danish, English",Denmark,7.8,75.0,"46,811",tt3841424,3169553,6000000.0,-0.47,2016,no,foreign language film
tt4080728,A Man Called Ove,116 min,Comedy,Hannes Holm,"Rolf Lassgård, Bahar Pars, Filip Berg","Swedish, Persian, Spanish",Sweden,7.7,70.0,"71,843",tt4080728,30726624,7000000.0,3.39,2016,no,foreign language film
tt5186714,The Salesman,124 min,Drama,Asghar Farhadi,"Shahab Hosseini, Taraneh Alidoosti, Babak Karimi","Persian, English",Iran,7.7,85.0,"66,002",tt5186714,6953604,2000000.0,2.48,2016,yes,foreign language film
tt4239726,Tanna,104 min,Adventure,"Martin Butler, Bentley Dean","Mungau Dain, Marie Wawa, Marceline Rofit",Aboriginal,Australia,6.9,75.0,"4,726",tt4239726,102300,0.0,inf,2016,no,foreign language film
tt4048272,Toni Erdmann,162 min,Comedy,Maren Ade,"Sandra Hüller, Peter Simonischek, Michael Wittenborn","French, German, English, Romanian",Germany,7.3,93.0,"52,959",tt4048272,12002864,0.0,inf,2016,no,foreign language film
tt2543164,Arrival,116 min,Drama,Denis Villeneuve,"Amy Adams, Jeremy Renner, Forest Whitaker","English, Mandarin, Russian",United States,7.9,81.0,"810,200",tt2543164,212758656,47000000.0,3.53,2016,no,best picture
tt2671706,Fences,139 min,Drama,Denzel Washington,"Denzel Washington, Viola Davis, Stephen McKinley Henderson",English,United States,7.2,79.0,"121,705",tt2671706,64414761,24000000.0,1.68,2016,no,best picture
tt2119532,Hacksaw Ridge,139 min,Biography,Mel Gibson,"Andrew Garfield, Sam Worthington, Luke Bracey","English, Japanese",United States,8.1,71.0,"630,865",tt2119532,180563636,40000000.0,3.51,2016,no,best picture
tt2582782,Hell or High Water,102 min,Crime,David Mackenzie,"Chris Pine, Ben Foster, Jeff Bridges",English,United States,7.6,88.0,"261,534",tt2582782,37999675,12000000.0,2.17,2016,no,best picture
tt4846340,Hidden Figures,127 min,Biography,Theodore Melfi,"Taraji P. Henson, Octavia Spencer, Janelle Monáe",English,United States,7.8,74.0,"273,146",tt4846340,235957472,25000000.0,8.44,2016,no,best picture
tt3783958,La La Land,128 min,Comedy,Damien Chazelle,"Ryan Gosling, Emma Stone, Rosemarie DeWitt","English, Cantonese",United States,8.0,94.0,"717,993",tt3783958,509183536,30000000.0,15.97,2016,no,best picture
tt3741834,Lion,118 min,Biography,Garth Davis,"Dev Patel, Nicole Kidman, Rooney Mara","English, Hindi, Bengali",India,8.0,69.0,"257,764",tt3741834,140853810,12000000.0,10.74,2016,no,best picture
tt4034228,Manchester by the Sea,137 min,Drama,Kenneth Lonergan,"Casey Affleck, Michelle Williams, Kyle Chandler",English,United States,7.8,96.0,"327,412",tt4034228,78988148,8500000.0,8.29,2016,no,best picture
tt4975722,Moonlight,111 min,Drama,Barry Jenkins,"Mahershala Ali, Naomie Harris, Trevante Rhodes",English,United States,7.4,99.0,"341,149",tt4975722,65172611,0.0,inf,2016,yes,best picture
tt3874544,The Boss Baby,97 min,Animation,Tom McGrath,"Alec Baldwin, Steve Buscemi, Jimmy Kimmel","English, Spanish",United States,6.3,50.0,"148,134",tt3874544,527965936,125000000.0,3.22,2017,no,animated feature film
tt3901826,The Breadwinner,94 min,Animation,Nora Twomey,"Saara Chaudry, Soma Chhaya, Noorin Gulamgaus",English,Ireland,7.7,78.0,"29,181",tt3901826,2790214,0.0,inf,2017,no,animated feature film
tt2380307,Coco,105 min,Animation,"Lee Unkrich, Adrian Molina","Anthony Gonzalez, Gael García Bernal, Benjamin Bratt","English, Spanish",United States,8.4,81.0,"645,660",tt2380307,814641172,175000000.0,3.66,2017,yes,animated feature film
tt3411444,Ferdinand,108 min,Animation,Carlos Saldanha,"John Cena, Kate McKinnon, Bobby Cannavale","English, Spanish, German",United States,6.7,58.0,"66,809",tt3411444,296069199,111000000.0,1.67,2017,no,animated feature film
tt3262342,Loving Vincent,94 min,Animation,"DK Welchman, Hugh Welchman","Douglas Booth, Jerome Flynn, Robert Gulaczyk",English,Poland,7.8,62.0,"64,902",tt3262342,42187665,5500000.0,6.67,2017,no,animated feature film
tt5639354,A Fantastic Woman,104 min,Drama,Sebastián Lelio,"Daniela Vega, Francisco Reyes, Luis Gnecco","Spanish, Chinese",Chile,7.2,81.0,"28,004",tt5639354,3839364,2000000.0,0.92,2017,yes,foreign language film
tt7048622,The Insult,113 min,Crime,Ziad Doueiri,"Adel Karam, Kamel El Basha, Camille Salameh",Arabic,France,7.6,72.0,"18,373",tt7048622,3666268,4000000.0,-0.08,2017,no,foreign language film
tt6304162,Loveless,127 min,Drama,Andrey Zvyagintsev,"Maryana Spivak, Aleksey Rozin, Matvey Novikov","Russian, Portuguese, Uzbek",Russia,7.6,86.0,"36,338",tt6304162,3928358,5000000.0,-0.21,2017,no,foreign language film
tt5607714,On Body and Soul,116 min,Drama,Ildikó Enyedi,"Alexandra Borbély, Géza Morcsányi, Réka Tenki",Hungarian,Hungary,7.5,77.0,"30,383",tt5607714,2132634,3000000.0,-0.29,2017,no,foreign language film
tt4995790,The Square,151 min,Comedy,Ruben Östlund,"Claes Bang, Elisabeth Moss, Dominic West","Swedish, English, Danish",Sweden,7.1,73.0,"79,423",tt4995790,8588030,10000000.0,-0.14,2017,no,foreign language film
tt5726616,Call Me by Your Name,132 min,Drama,Luca Guadagnino,"Timothée Chalamet, Armie Hammer, Michael Stuhlbarg","English, Italian, French, German, Hebrew",Brazil,7.8,94.0,"333,865",tt5726616,67446279,3500000.0,18.27,2017,no,best picture
tt4555426,Darkest Hour,125 min,Drama,Joe Wright,"Gary Oldman, Lily James, Kristin Scott Thomas","English, French, German, Italian",United Kingdom,7.4,75.0,"228,237",tt4555426,150847274,30000000.0,4.03,2017,no,best picture
tt5013056,Dunkirk,106 min,Action,Christopher Nolan,"Fionn Whitehead, Barry Keoghan, Mark Rylance","English, French, German",United Kingdom,7.8,94.0,"765,975",tt5013056,533696799,150000000.0,2.56,2017,no,best picture
tt5052448,Get Out,104 min,Horror,Jordan Peele,"Daniel Kaluuya, Allison Williams, Bradley Whitford","English, Swahili",United States,7.8,85.0,"758,140",tt5052448,255751443,5000000.0,50.15,2017,no,best picture
tt4925292,Lady Bird,94 min,Comedy,Greta Gerwig,"Saoirse Ronan, Laurie Metcalf, Tracy Letts","English, Spanish",United States,7.4,93.0,"349,400",tt4925292,78987280,10000000.0,6.9,2017,no,best picture
tt5776858,Phantom Thread,130 min,Drama,Paul Thomas Anderson,"Vicky Krieps, Daniel Day-Lewis, Lesley Manville","English, French",United States,7.4,90.0,"150,681",tt5776858,52204454,35000000.0,0.49,2017,no,best picture
tt6294822,The Post,116 min,Biography,Steven Spielberg,"Meryl Streep, Tom Hanks, Sarah Paulson",English,United States,7.2,83.0,"165,772",tt6294822,193764664,50000000.0,2.88,2017,no,best picture
tt5580390,The Shape of Water,123 min,Drama,Guillermo del Toro,"Sally Hawkins, Octavia Spencer, Michael Shannon","English, American Sign , Russian, French",United States,7.3,87.0,"459,967",tt5580390,195243464,19500000.0,9.01,2017,yes,best picture
tt5027774,"Three Billboards Outside Ebbing, Missouri",115 min,Comedy,Martin McDonagh,"Frances McDormand, Woody Harrelson, Sam Rockwell",English,United Kingdom,8.1,88.0,"574,280",tt5027774,162729321,12000000.0,12.56,2017,no,best picture
tt3606756,Incredibles 2,118 min,Animation,Brad Bird,"Craig T. Nelson, Holly Hunter, Sarah Vowell",English,United States,7.5,80.0,"348,349",tt3606756,1243225667,200000000.0,5.22,2018,no,animated feature film
tt5104604,Isle of Dogs,101 min,Animation,Wes Anderson,"Bryan Cranston, Koyu Rankin, Edward Norton","English, Japanese",United Kingdom,7.8,82.0,"199,660",tt5104604,64659098,0.0,inf,2018,no,animated feature film
tt6900448,Mirai,98 min,Animation,Mamoru Hosoda,"Rebecca Hall, Daniel Dae Kim, Kôji Yakusho","Japanese, English",Japan,7.0,81.0,"18,743",tt6900448,28756961,9000000.0,2.2,2018,no,animated feature film
tt5848272,Ralph Breaks the Internet,112 min,Animation,"Phil Johnston, Rich Moore","John C. Reilly, Sarah Silverman, Gal Gadot",English,United States,7.0,71.0,"194,435",tt5848272,529323962,175000000.0,2.02,2018,no,animated feature film
tt4633694,Spider-Man: Into the Spider-Verse,117 min,Animation,"Bob Persichetti, Peter Ramsey, Rodney Rothman","Shameik Moore, Jake Johnson, Hailee Steinfeld","English, Spanish",Canada,8.4,87.0,"727,185",tt4633694,393602435,90000000.0,3.37,2018,yes,animated feature film
tt8267604,Capernaum,126 min,Drama,Nadine Labaki,"Zain Al Rafeea, Yordanos Shiferaw, Boluwatife Treasure Bankole","Arabic, Amharic",Lebanon,8.4,75.0,"115,409",tt8267604,64417003,4000000.0,15.1,2018,no,foreign language film
tt6543652,Cold War,89 min,Drama,Pawel Pawlikowski,"Joanna Kulig, Tomasz Kot, Borys Szyc","Polish, French, Croatian, German, Russian, Serbian, Italian",Poland,7.5,90.0,"63,597",tt6543652,20484802,0.0,inf,2018,no,foreign language film
tt5311542,Never Look Away,189 min,Biography,Florian Henckel von Donnersmarck,"Tom Schilling, Sebastian Koch, Paula Beer","German, Russian",Germany,7.7,68.0,"26,792",tt5311542,6193234,30000000.0,-0.79,2018,no,foreign language film
tt6155172,Roma,135 min,Drama,Alfonso Cuarón,"Yalitza Aparicio, Marina de Tavira, Diego Cortina Autrey","Spanish, Mixtec, English, Japanese, German, French, Norwegian",Mexico,7.7,96.0,"173,699",tt6155172,1140769,15000000.0,-0.92,2018,yes,foreign language film
tt6155172,Roma,135 min,Drama,Alfonso Cuarón,"Yalitza Aparicio, Marina de Tavira, Diego Cortina Autrey","Spanish, Mixtec, English, Japanese, German, French, Norwegian",Mexico,7.7,96.0,"173,699",tt6155172,1140769,15000000.0,-0.92,2018,no,best picture
tt8075192,Shoplifters,121 min,Crime,Hirokazu Koreeda,"Lily Franky, Sakura Andô, Kirin Kiki",Japanese,Japan,7.9,93.0,"89,783",tt8075192,67999348,3000000.0,21.67,2018,no,foreign language film
tt1825683,Black Panther,134 min,Action,Ryan Coogler,"Chadwick Boseman, Michael B. Jordan, Lupita Nyong'o","English, Swahili, Nama, Xhosa, Korean",United States,7.3,88.0,"870,736",tt1825683,1349926083,200000000.0,5.75,2018,no,best picture
tt7349662,BlacKkKlansman,135 min,Biography,Spike Lee,"John David Washington, Adam Driver, Laura Harrier",English,United States,7.5,83.0,"300,208",tt7349662,93413709,15000000.0,5.23,2018,no,best picture
tt1727824,Bohemian Rhapsody,134 min,Biography,Bryan Singer,"Rami Malek, Lucy Boynton, Gwilym Lee","English, British Sign ",United Kingdom,7.9,49.0,"618,782",tt1727824,910813521,52000000.0,16.52,2018,no,best picture
tt5083738,The Favourite,119 min,Biography,Yorgos Lanthimos,"Olivia Colman, Emma Stone, Rachel Weisz",English,Ireland,7.5,91.0,"247,322",tt5083738,95918706,15000000.0,5.39,2018,no,best picture
tt6966692,Green Book,130 min,Biography,Peter Farrelly,"Viggo Mortensen, Mahershala Ali, Linda Cardellini","English, Italian, Russian, German",United States,8.2,69.0,"624,774",tt6966692,321752656,23000000.0,12.99,2018,yes,best picture
tt1517451,A Star Is Born,136 min,Drama,Bradley Cooper,"Lady Gaga, Bradley Cooper, Sam Elliott","English, French",United States,7.6,88.0,"430,265",tt1517451,436433122,36000000.0,11.12,2018,no,best picture
tt6266538,Vice,132 min,Biography,Adam McKay,"Christian Bale, Amy Adams, Steve Carell","English, Arabic",United States,7.2,61.0,"168,231",tt6266538,76073488,0.0,inf,2018,no,best picture
tt2386490,How to Train Your Dragon: The Hidden World,104 min,Animation,Dean DeBlois,"Jay Baruchel, America Ferrera, F. Murray Abraham",English,United States,7.4,71.0,"162,927",tt2386490,539987993,129000000.0,3.19,2019,no,animated feature film
tt9806192,I Lost My Body,81 min,Animation,Jérémy Clapin,"Hakim Faris, Victoire Du Bois, Patrick d'Assumçao",French,France,7.5,81.0,"37,311",tt9806192,1136431,6000000.0,-0.81,2019,no,animated feature film
tt4729430,Klaus,96 min,Animation,"Sergio Pablos, Carlos Martínez López","Jason Schwartzman, J.K. Simmons, Rashida Jones","English, Saami",Spain,8.2,65.0,"213,749",tt4729430,0,40000000.0,-1.0,2019,no,animated feature film
tt6348138,Missing Link,93 min,Animation,Chris Butler,"Hugh Jackman, David Walliams, Stephen Fry","English, Spanish, Tibetan",United States,6.7,68.0,"29,773",tt6348138,26565710,100000000.0,-0.73,2019,no,animated feature film
tt1979376,Toy Story 4,100 min,Animation,Josh Cooley,"Tom Hanks, Tim Allen, Annie Potts",English,United States,7.6,84.0,"295,159",tt1979376,1073841394,200000000.0,4.37,2019,yes,animated feature film
tt8649186,Corpus Christi,115 min,Drama,Jan Komasa,"Bartosz Bielenia, Aleksandra Konieczna, Eliza Rycembel",Polish,Poland,7.7,77.0,"22,669",tt8649186,9943901,0.0,inf,2019,no,international feature film
tt8991268,Honeyland,89 min,Documentary,"Tamara Kotevska, Ljubomir Stefanov","Hatidze Muratova, Nazife Muratova, Hussein Sam","Serbo-Croatian, Serbian, Croatian, Turkish, Macedonian, Bosnian",North Macedonia,8.0,85.0,"19,657",tt8991268,1314260,500.0,2627.52,2019,no,international feature film
tt10199590,Les Misérables,104 min,Crime,Ladj Ly,"Damien Bonnard, Alexis Manenti, Djebril Zonga","French, Bambara",France,7.6,78.0,"29,146",tt10199590,54606372,61000000.0,-0.1,2019,no,international feature film
tt8291806,Pain and Glory,113 min,Drama,Pedro Almodóvar,"Antonio Banderas, Asier Etxeandia, Leonardo Sbaraglia",Spanish,Spain,7.5,87.0,"65,425",tt8291806,37359689,11000000.0,2.4,2019,no,international feature film
tt6751668,Parasite,132 min,Drama,Bong Joon Ho,"Song Kang-ho, Lee Sun-kyun, Cho Yeo-jeong","Korean, English",South Korea,8.5,97.0,"1,058,893",tt6751668,262616458,11400000.0,22.04,2019,yes,international feature film
tt6751668,Parasite,132 min,Drama,Bong Joon Ho,"Song Kang-ho, Lee Sun-kyun, Cho Yeo-jeong","Korean, English",South Korea,8.5,97.0,"1,058,893",tt6751668,262616458,11400000.0,22.04,2019,yes,best picture
tt1950186,Ford v Ferrari,152 min,Action,James Mangold,"Matt Damon, Christian Bale, Jon Bernthal","English, Italian, French, Japanese",United States,8.1,81.0,"511,816",tt1950186,226299480,97600000.0,1.32,2019,no,best picture
tt1302006,The Irishman,209 min,Biography,Martin Scorsese,"Robert De Niro, Al Pacino, Joe Pesci","English, Italian, Latin, Spanish, German",United States,7.8,94.0,"452,725",tt1302006,968853,160000000.0,-0.99,2019,no,best picture
tt2584384,Jojo Rabbit,108 min,Comedy,Taika Waititi,"Roman Griffin Davis, Thomasin McKenzie, Scarlett Johansson","English, German",Czech Republic,7.9,58.0,"463,306",tt2584384,93694707,14000000.0,5.69,2019,no,best picture
tt7286456,Joker,122 min,Crime,Todd Phillips,"Joaquin Phoenix, Robert De Niro, Zazie Beetz","English, German",United States,8.3,59.0,"1,601,600",tt7286456,1078958629,0.0,inf,2019,no,best picture
tt3281548,Little Women,135 min,Drama,Greta Gerwig,"Saoirse Ronan, Emma Watson, Florence Pugh","English, French",United States,7.8,91.0,"265,900",tt3281548,332103783,15000000.0,21.14,2019,no,best picture
tt7653254,Marriage Story,137 min,Drama,Noah Baumbach,"Adam Driver, Scarlett Johansson, Julia Greer","English, Spanish",United Kingdom,7.9,94.0,"358,019",tt7653254,333686,18000000.0,-0.98,2019,no,best picture
tt8579674,1917,119 min,Action,Sam Mendes,"Dean-Charles Chapman, George MacKay, Daniel Mays","English, French, German",United Kingdom,8.2,78.0,"725,123",tt8579674,446064352,95000000.0,3.7,2019,no,best picture
tt7131622,Once Upon a Time... in Hollywood,161 min,Comedy,Quentin Tarantino,"Leonardo DiCaprio, Brad Pitt, Margot Robbie","English, Italian, Spanish, German",United States,7.6,84.0,"898,601",tt7131622,392105159,90000000.0,3.36,2019,no,best picture
tt7146812,Onward,102 min,Animation,Dan Scanlon,"Tom Holland, Chris Pratt, Julia Louis-Dreyfus",English,United States,7.4,61.0,"177,113",tt7146812,141940042,200000000.0,-0.29,2020,no,animated feature film
tt7488208,Over the Moon,95 min,Animation,"Glen Keane, John Kahrs","Glen Keane, Brycen Hall, Ruthie Ann Miles",English,China,6.3,60.0,"25,783",tt7488208,0,38000000.0,-1.0,2020,no,animated feature film
tt6193408,A Shaun the Sheep Movie: Farmageddon,86 min,Animation,"Will Becher, Richard Phelan","Justin Fletcher, John Sparkes, Amalia Vitale",English,United Kingdom,6.8,79.0,"16,356",tt6193408,43133089,25000000.0,0.73,2020,no,animated feature film
tt2948372,Soul,100 min,Animation,"Pete Docter, Kemp Powers","Jamie Foxx, Tina Fey, Graham Norton","English, Korean, Inuktitut",United States,8.0,83.0,"407,528",tt2948372,121977511,150000000.0,-0.19,2020,yes,animated feature film
tt5198068,Wolfwalkers,103 min,Animation,"Tomm Moore, Ross Stewart","Honor Kneafsey, Eva Whittaker, Sean Bean","English, Irish Gaelic",Ireland,8.0,87.0,"40,714",tt5198068,1310720,10000000.0,-0.87,2020,no,animated feature film
tt10288566,Another Round,117 min,Drama,Thomas Vinterberg,"Mads Mikkelsen, Thomas Bo Larsen, Magnus Millang","Danish, Swedish, French, English, Russian",Denmark,7.7,79.0,"206,926",tt10288566,12745392,4000000.0,2.19,2020,yes,international feature film
tt9586294,Better Days,135 min,Crime,Derek Tsang,"Dongyu Zhou, Jackson Yee, Fang Yin","Mandarin, English",Hong Kong,7.6,83.0,"15,299",tt9586294,227313644,9000000.0,24.26,2020,no,international feature film
tt10706602,Collective,109 min,Documentary,Alexander Nanau,"Dan Alexandru Condrea, Liviu Iolu, Razvan Lutac","Romanian, English",Romania,8.1,95.0,"13,684",tt10706602,200041,1000000.0,-0.8,2020,no,international feature film
tt10360862,The Man Who Sold His Skin,104 min,Drama,Kaouther Ben Hania,"Yahya Mahayni, Dea Liane, Koen De Bouw","Arabic, English, French, Flemish",Tunisia,6.9,64.0,"7,358",tt10360862,227290,1500000.0,-0.85,2020,no,international feature film
tt8633462,"Quo Vadis, Aida?",101 min,Drama,Jasmila Zbanic,"Jasna Djuricic, Izudin Bajrovic, Boris Ler","Serbo-Croatian, Bosnian, English, Dutch, Serbian",Bosnia and Herzegovina,8.0,97.0,"40,198",tt8633462,813253,2300000.0,-0.65,2020,no,international feature film
tt10272386,The Father,97 min,Drama,Florian Zeller,"Anthony Hopkins, Olivia Colman, Mark Gatiss",English,United Kingdom,8.2,88.0,"211,445",tt10272386,24048935,6000000.0,3.01,2020,no,best picture
tt9784798,Judas and the Black Messiah,126 min,Biography,Shaka King,"LaKeith Stanfield, Daniel Kaluuya, Jesse Plemons",English,United States,7.4,84.0,"94,432",tt9784798,7478009,26000000.0,-0.71,2020,no,best picture
tt10618286,Mank,131 min,Biography,David Fincher,"Gary Oldman, Amanda Seyfried, Lily Collins","English, German, Latin",United States,6.8,79.0,"84,608",tt10618286,0,0.0,,2020,no,best picture
tt10633456,Minari,115 min,Drama,Lee Isaac Chung,"Steven Yeun, Han Ye-ri, Alan Kim","Korean, English",United States,7.4,89.0,"101,764",tt10633456,15288578,2000000.0,6.64,2020,no,best picture
tt9770150,Nomadland,107 min,Drama,Chloé Zhao,"Frances McDormand, David Strathairn, Linda May",English,United States,7.3,87.0,"189,601",tt9770150,39458207,5000000.0,6.89,2020,yes,best picture
tt9620292,Promising Young Woman,113 min,Crime,Emerald Fennell,"Carey Mulligan, Bo Burnham, Alison Brie",English,United Kingdom,7.5,72.0,"224,400",tt9620292,18854166,0.0,inf,2020,no,best picture
tt5363618,Sound of Metal,120 min,Drama,Darius Marder,"Riz Ahmed, Olivia Cooke, Paul Raci","English, American Sign , French, Persian",United States,7.7,82.0,"157,577",tt5363618,516520,5400000.0,-0.9,2020,no,best picture
tt1070874,The Trial of the Chicago 7,129 min,Drama,Aaron Sorkin,"Eddie Redmayne, Alex Sharp, Sacha Baron Cohen","English, Latin, French",United States,7.7,76.0,"198,007",tt1070874,0,35000000.0,-1.0,2020,no,best picture
tt2953050,Encanto,102 min,Animation,"Jared Bush, Byron Howard, Charise Castro Smith","Stephanie Beatriz, María Cecilia Botero, John Leguizamo","English, Spanish",United States,7.2,75.0,"280,799",tt2953050,261284192,120000000.0,1.18,2021,yes,animated feature film
tt8430054,Flee,89 min,Documentary,Jonas Poher Rasmussen,"Daniel Karimyar, Fardin Mijdzadeh, Milad Eskandari","Spanish, Danish, English, Dari, Russian, Swedish",Denmark,7.9,91.0,"20,187",tt8430054,711676,3000000.0,-0.76,2021,no,animated feature film
tt8430054,Flee,89 min,Documentary,Jonas Poher Rasmussen,"Daniel Karimyar, Fardin Mijdzadeh, Milad Eskandari","Spanish, Danish, English, Dari, Russian, Swedish",Denmark,7.9,91.0,"20,187",tt8430054,711676,3000000.0,-0.76,2021,no,international feature film
tt12801262,Luca,95 min,Animation,Enrico Casarosa,"Jacob Tremblay, Jack Dylan Grazer, Emma Berman","English, Italian",United States,7.4,71.0,"206,563",tt12801262,51074773,50000000.0,0.02,2021,no,animated feature film
tt7979580,The Mitchells vs. the Machines,114 min,Animation,"Michael Rianda, Jeff Rowe","Abbi Jacobson, Danny McBride, Maya Rudolph",English,United States,7.6,81.0,"132,243",tt7979580,0,85000000.0,-1.0,2021,no,animated feature film
tt5109280,Raya and the Last Dragon,107 min,Animation,"Don Hall, Carlos López Estrada, Paul Briggs","Kelly Marie Tran, Awkwafina, Gemma Chan",English,United States,7.3,74.0,"179,360",tt5109280,130423032,0.0,inf,2021,no,animated feature film
tt14039582,Drive My Car,179 min,Drama,Ryûsuke Hamaguchi,"Hidetoshi Nishijima, Tôko Miura, Reika Kirishima","Japanese, English, Korean Sign , Korean, Mandarin, Tagalog, Indonesian, German, Malay",Japan,7.5,91.0,"71,528",tt14039582,15357339,2000000.0,6.68,2021,yes,international feature film
tt14039582,Drive My Car,179 min,Drama,Ryûsuke Hamaguchi,"Hidetoshi Nishijima, Tôko Miura, Reika Kirishima","Japanese, English, Korean Sign , Korean, Mandarin, Tagalog, Indonesian, German, Malay",Japan,7.5,91.0,"71,528",tt14039582,15357339,2000000.0,6.68,2021,no,best picture
tt12680684,The Hand of God,130 min,Drama,Paolo Sorrentino,"Filippo Scotti, Toni Servillo, Teresa Saponangelo","Italian, Neapolitan",Italy,7.3,76.0,"50,805",tt12680684,167909,5000000.0,-0.97,2021,no,international feature film
tt10189300,Lunana: A Yak in the Classroom,110 min,Drama,Pawo Choyning Dorji,"Sherab Dorji, Ugyen Norbu Lhendup, Kelden Lhamo Gurung","Dzongkha, English",Bhutan,7.5,76.0,"7,304",tt10189300,1990014,200.0,9949.07,2021,no,international feature film
tt10370710,The Worst Person in the World,128 min,Comedy,Joachim Trier,"Renate Reinsve, Anders Danielsen Lie, Herbert Nordrum",Norwegian,Norway,7.7,91.0,"110,779",tt10370710,12687507,5000000.0,1.54,2021,no,international feature film
tt12789558,Belfast,98 min,Biography,Kenneth Branagh,"Jude Hill, Lewis McAskie, Caitríona Balfe",English,United Kingdom,7.2,75.0,"96,559",tt12789558,49158709,20000000.0,1.46,2021,no,best picture
tt10366460,CODA,111 min,Comedy,Sian Heder,"Emilia Jones, Marlee Matlin, Troy Kotsur","American Sign , English",France,8.0,72.0,"177,380",tt10366460,1905058,10000000.0,-0.81,2021,yes,best picture
tt11286314,Don't Look Up,138 min,Comedy,Adam McKay,"Leonardo DiCaprio, Jennifer Lawrence, Meryl Streep",English,United States,7.2,49.0,"639,219",tt11286314,791863,0.0,inf,2021,no,best picture
tt1160419,Dune: Part One,155 min,Action,Denis Villeneuve,"Timothée Chalamet, Rebecca Ferguson, Zendaya","English, Mandarin",United States,8.0,74.0,"951,653",tt1160419,410668018,165000000.0,1.49,2021,no,best picture
tt9620288,King Richard,144 min,Biography,Reinaldo Marcus Green,"Will Smith, Aunjanue Ellis-Taylor, Jon Bernthal","English, Spanish",United States,7.5,76.0,"145,812",tt9620288,39529285,50000000.0,-0.21,2021,no,best picture
tt11271038,Licorice Pizza,133 min,Comedy,Paul Thomas Anderson,"Alana Haim, Cooper Hoffman, Sean Penn","English, Japanese, Spanish",United States,7.1,90.0,"147,992",tt11271038,33276075,40000000.0,-0.17,2021,no,best picture
tt7740496,Nightmare Alley,150 min,Crime,Guillermo del Toro,"Bradley Cooper, Cate Blanchett, Toni Collette","English, French",United States,7.0,70.0,"175,050",tt7740496,39629195,60000000.0,-0.34,2021,no,best picture
tt10293406,The Power of the Dog,126 min,Drama,Jane Campion,"Benedict Cumberbatch, Kirsten Dunst, Jesse Plemons","English, Shoshoni, Italian, French",New Zealand,6.8,89.0,"199,853",tt10293406,271009,39000000.0,-0.99,2021,no,best picture
tt3581652,West Side Story,156 min,Crime,Steven Spielberg,"Ansel Elgort, Rachel Zegler, Ariana DeBose","English, Spanish",United States,7.1,85.0,"98,656",tt3581652,76016171,6000000.0,11.67,2021,no,best picture
tt1488589,Guillermo del Toro's Pinocchio,117 min,Animation,"Guillermo del Toro, Mark Gustafson","Ewan McGregor, David Bradley, Gregory Mann","English, Italian",United States,7.6,79.0,"119,622",tt1488589,109846,35000000.0,-1.0,2022,yes,animated feature film
tt15339456,Marcel the Shell with Shoes On,90 min,Animation,Dean Fleischer Camp,"Jenny Slate, Dean Fleischer Camp, Isabella Rossellini",English,United States,7.6,80.0,"30,360",tt15339456,6909209,6300000.0,0.1,2022,no,animated feature film
tt3915174,Puss in Boots: The Last Wish,102 min,Animation,"Joel Crawford, Januel Mercado","Antonio Banderas, Salma Hayek, Harvey Guillén","English, Spanish",United States,7.8,73.0,"202,212",tt3915174,480466413,90000000.0,4.34,2022,no,animated feature film
tt9288046,The Sea Beast,115 min,Animation,Chris Williams,"Karl Urban, Zaris-Angel Hator, Jared Harris","English, Persian",United States,7.0,74.0,"62,092",tt9288046,0,70000000.0,-1.0,2022,no,animated feature film
tt8097030,Turning Red,100 min,Animation,Domee Shi,"Rosalie Chiang, Sandra Oh, Ava Morse","English, Cantonese, Korean",United States,6.9,83.0,"163,400",tt8097030,21813358,175000000.0,-0.88,2022,no,animated feature film
tt1016150,All Quiet on the Western Front,148 min,Drama,Edward Berger,"Felix Kammerer, Albrecht Schuch, Aaron Hilmer","German, French",Germany,7.8,76.0,"272,532",tt1016150,0,0.0,,2022,yes,international feature film
tt1016150,All Quiet on the Western Front,148 min,Drama,Edward Berger,"Felix Kammerer, Albrecht Schuch, Aaron Hilmer","German, French",Germany,7.8,76.0,"272,532",tt1016150,0,0.0,,2022,no,best picture
tt15301048,"Argentina, 1985",140 min,Biography,Santiago Mitre,"Ricardo Darín, Gina Mastronicola, Francisco Bertín","Spanish, English",Argentina,7.6,78.0,"33,894",tt15301048,905893,10000000.0,-0.91,2022,no,international feature film
tt9660502,Close,104 min,Drama,Lukas Dhont,"Eden Dambrine, Gustav De Waele, Émilie Dequenne","French, Flemish, Dutch, English",Belgium,7.8,81.0,"40,916",tt9660502,5216044,3000000.0,0.74,2022,no,international feature film
tt19652910,EO,88 min,Drama,Jerzy Skolimowski,"Hola, Tako, Marietta","Polish, Italian, English, French, Spanish",Poland,6.7,85.0,"15,323",tt19652910,2585252,2000000.0,0.29,2022,no,international feature film
tt15109082,The Quiet Girl,95 min,Drama,Colm Bairéad,"Carrie Crowley, Andrew Bennett, Catherine Clinch","Irish Gaelic, English, Gaelic",Ireland,7.7,89.0,"25,030",tt15109082,6785404,1000000.0,5.79,2022,no,international feature film
tt1630029,Avatar: The Way of Water,192 min,Action,James Cameron,"Sam Worthington, Zoe Saldaña, Sigourney Weaver",English,United States,7.5,67.0,"529,170",tt1630029,2320250281,460000000.0,4.04,2022,no,best picture
tt11813216,The Banshees of Inisherin,114 min,Comedy,Martin McDonagh,"Colin Farrell, Brendan Gleeson, Kerry Condon","English, Latin",Ireland,7.7,87.0,"277,451",tt11813216,50250625,20000000.0,1.51,2022,no,best picture
tt3704428,Elvis,159 min,Biography,Baz Luhrmann,"Tom Hanks, Austin Butler, Olivia DeJonge",English,United States,7.3,64.0,"247,008",tt3704428,288670284,85000000.0,2.4,2022,no,best picture
tt6710474,Everything Everywhere All at Once,139 min,Action,"Daniel Kwan, Daniel Scheinert","Michelle Yeoh, Stephanie Hsu, Jamie Lee Curtis","English, Mandarin, Cantonese",United States,7.8,81.0,"570,853",tt6710474,143412671,25000000.0,4.74,2022,yes,best picture
tt14208870,The Fabelmans,151 min,Drama,Steven Spielberg,"Michelle Williams, Gabriel LaBelle, Paul Dano",English,United States,7.5,85.0,"127,065",tt14208870,45614213,40000000.0,0.14,2022,no,best picture
tt14444726,Tár,158 min,Drama,Todd Field,"Cate Blanchett, Noémie Merlant, Nina Hoss","English, German, Filipino, French",United States,7.4,93.0,"100,593",tt14444726,29177163,35000000.0,-0.17,2022,no,best picture
tt1745960,Top Gun: Maverick,130 min,Action,Joseph Kosinski,"Tom Cruise, Jennifer Connelly, Miles Teller",English,United States,8.2,78.0,"754,892",tt1745960,1495696292,170000000.0,7.8,2022,no,best picture
tt7322224,Triangle of Sadness,147 min,Comedy,Ruben Östlund,"Thobias Thorwid, Harris Dickinson, Charlbi Dean","English, Swedish, German, French, Greek, Tagalog, Akan",United Kingdom,7.3,63.0,"201,623",tt7322224,26195743,15600000.0,0.68,2022,no,best picture
tt13669038,Women Talking,104 min,Drama,Sarah Polley,"Rooney Mara, Claire Foy, Jessie Buckley",English,United States,6.9,77.0,"44,731",tt13669038,9276103,10000000.0,-0.07,2022,no,best picture
tt6587046,The Boy and the Heron,124 min,Animation,Hayao Miyazaki,"Soma Santoki, Masaki Suda, Kô Shibasaki",Japanese,Japan,7.4,91.0,"87,143",tt6587046,282422186,25000000.0,10.3,2023,yes,animated feature film
tt15789038,Elemental,101 min,Animation,Peter Sohn,"Leah Lewis, Mamoudou Athie, Ronnie Del Carmen",English,United States,7.0,58.0,"149,083",tt15789038,496444308,175000000.0,1.84,2023,no,animated feature film
tt19500164,Nimona,101 min,Animation,"Nick Bruno, Troy Quane","Chloë Grace Moretz, Riz Ahmed, Eugene Lee Yang",English,United States,7.5,75.0,"55,377",tt19500164,0,0.0,,2023,no,animated feature film
tt13429870,Robot Dreams,103 min,Animation,Pablo Berger,Ivan Labanda,Spanish,Spain,7.6,87.0,"17,944",tt13429870,4656497,50000000.0,-0.91,2023,no,animated feature film
tt9362722,Spider-Man: Across the Spider-Verse,140 min,Animation,"Joaquim Dos Santos, Kemp Powers, Justin K. Thompson","Shameik Moore, Hailee Steinfeld, Brian Tyree Henry",English,United States,8.5,86.0,"434,719",tt9362722,690824738,100000000.0,5.91,2023,no,animated feature film
tt14225838,Io Capitano,121 min,Drama,Matteo Garrone,"Seydou Sarr, Moustapha Fall, Issaka Sawadogo","Wolof, French, Arabic, English",Italy,7.6,79.0,"15,832",tt14225838,7636951,3000000.0,1.55,2023,no,international feature film
tt27503384,Perfect Days,124 min,Drama,Wim Wenders,"Kôji Yakusho, Tokio Emoto, Arisa Nakano","Japanese, English",Japan,7.9,80.0,"82,487",tt27503384,25660952,4000000.0,5.42,2023,no,international feature film
tt16277242,Society of the Snow,144 min,Adventure,J.A. Bayona,"Enzo Vogrincic, Agustín Pardella, Matías Recalt",Spanish,Spain,7.8,72.0,"156,565",tt16277242,1281,10000000.0,-1.0,2023,no,international feature film
tt26612950,The Teachers' Lounge,98 min,Drama,Ilker Çatak,"Leonie Benesch, Anne-Kathrin Gummich, Rafael Stachowiak","German, Turkish, Polish, English",Germany,7.4,82.0,"25,330",tt26612950,5707442,4000000.0,0.43,2023,no,international feature film
tt7160372,The Zone of Interest,105 min,Drama,Jonathan Glazer,"Christian Friedel, Sandra Hüller, Johann Karthaus","German, Polish, Yiddish",United Kingdom,7.3,92.0,"129,931",tt7160372,52631884,8000000.0,5.58,2023,yes,international feature film
tt7160372,The Zone of Interest,105 min,Drama,Jonathan Glazer,"Christian Friedel, Sandra Hüller, Johann Karthaus","German, Polish, Yiddish",United Kingdom,7.3,92.0,"129,931",tt7160372,52631884,8000000.0,5.58,2023,no,best picture
tt23561236,American Fiction,117 min,Comedy,Cord Jefferson,"Jeffrey Wright, Skyler Wright, John Ales",English,United States,7.5,81.0,"110,103",tt23561236,22483370,7000000.0,2.21,2023,no,best picture
tt17009710,Anatomy of a Fall,151 min,Crime,Justine Triet,"Sandra Hüller, Swann Arlaud, Milo Machado-Graner","French, English",France,7.7,86.0,"160,897",tt17009710,36051506,8000000.0,3.51,2023,no,best picture
tt1517268,Barbie,114 min,Adventure,Greta Gerwig,"Margot Robbie, Ryan Gosling, Issa Rae","English, Spanish",United States,6.8,80.0,"596,493",tt1517268,1447038421,145000000.0,8.98,2023,no,best picture
tt14849194,The Holdovers,133 min,Comedy,Alexander Payne,"Paul Giamatti, Da'Vine Joy Randolph, Dominic Sessa",English,United States,7.9,82.0,"196,289",tt14849194,45737958,25000000.0,0.83,2023,no,best picture
tt5537002,Killers of the Flower Moon,206 min,Crime,Martin Scorsese,"Leonardo DiCaprio, Robert De Niro, Lily Gladstone","English, Osage, Latin, French",United States,7.6,89.0,"276,504",tt5537002,158772599,200000000.0,-0.21,2023,no,best picture
tt5535276,Maestro,129 min,Biography,Bradley Cooper,"Carey Mulligan, Bradley Cooper, Matt Bomer",English,United States,6.5,77.0,"67,033",tt5535276,383532,0.0,inf,2023,no,best picture
tt15398776,Oppenheimer,180 min,Biography,Christopher Nolan,"Cillian Murphy, Emily Blunt, Matt Damon","English, German, Italian, Dutch",United States,8.3,90.0,"878,936",tt15398776,975811333,100000000.0,8.76,2023,yes,best picture
tt13238346,Past Lives,105 min,Drama,Celine Song,"Greta Lee, Teo Yoo, John Magaro","Korean, English, Mandarin, French",United States,7.8,94.0,"143,168",tt13238346,42677159,2000000.0,20.34,2023,no,best picture
tt14230458,Poor Things,141 min,Comedy,Yorgos Lanthimos,"Emma Stone, Mark Ruffalo, Willem Dafoe","English, French, Portuguese",Ireland,7.8,88.0,"337,982",tt14230458,117625455,50000000.0,1.35,2023,no,best picture
tt4772188,Flow,85 min,Animation,Gints Zilbalodis,,,Latvia,7.9,87.0,"70,276",tt4772188,29905187,5000000.0,4.98,2024,yes,animated feature film
tt4772188,Flow,85 min,Animation,Gints Zilbalodis,,,Latvia,7.9,87.0,"70,276",tt4772188,29905187,5000000.0,4.98,2024,no,international feature film
tt22022452,Inside Out 2,96 min,Animation,Kelsey Mann,"Amy Poehler, Maya Hawke, Kensington Tallman","English, French, Spanish",United States,7.5,73.0,"211,354",tt22022452,1698863816,200000000.0,7.49,2024,no,animated feature film
tt23770030,Memoir of a Snail,95 min,Animation,Adam Elliot,"Jacki Weaver, Sarah Snook, Charlotte Belsey","English, French",Australia,7.8,83.0,"7,172",tt23770030,7566626,1000000.0,6.57,2024,no,animated feature film
tt17163970,Wallace & Gromit: Vengeance Most Fowl,82 min,Animation,"Merlin Crossingham, Nick Park","Ben Whitehead, Peter Kay, Lauren Patel",English,United Kingdom,7.5,83.0,"32,826",tt17163970,191452,30000000.0,-0.99,2024,no,animated feature film
tt29623480,The Wild Robot,102 min,Animation,Chris Sanders,"Lupita Nyong'o, Pedro Pascal, Kit Connor","English, German, French, Spanish, Swahili, Japanese",United States,8.2,85.0,"151,636",tt29623480,333165945,40000000.0,7.33,2024,no,animated feature film
tt20221436,Emilia Pérez,132 min,Comedy,Jacques Audiard,"Zoe Saldaña, Karla Sofía Gascón, Selena Gomez","Spanish, English",France,5.4,70.0,"80,230",tt20221436,16298763,3000000.0,4.43,2024,no,international feature film
tt20221436,Emilia Pérez,132 min,Comedy,Jacques Audiard,"Zoe Saldaña, Karla Sofía Gascón, Selena Gomez","Spanish, English",France,5.4,70.0,"80,230",tt20221436,16298763,3000000.0,4.43,2024,no,best picture
tt10236164,The Girl with the Needle,123 min,Crime,Magnus von Horn,"Vic Carmen Sonne, Trine Dyrholm, Besir Zeciri",Danish,Denmark,7.5,82.0,"13,953",tt10236164,530171,2000000.0,-0.73,2024,no,international feature film
tt14961016,I'm Still Here,137 min,Biography,Walter Salles,"Fernanda Torres, Fernanda Montenegro, Selton Mello",Portuguese,Brazil,8.6,85.0,"86,641",tt14961016,35937628,0.0,inf,2024,yes,international feature film
tt14961016,I'm Still Here,137 min,Biography,Walter Salles,"Fernanda Torres, Fernanda Montenegro, Selton Mello",Portuguese,Brazil,8.6,85.0,"86,641",tt14961016,35937628,0.0,inf,2024,no,best picture
tt32178949,The Seed of the Sacred Fig,167 min,Crime,Mohammad Rasoulof,"Soheila Golestani, Missagh Zareh, Setareh Maleki",Persian,France,7.6,85.0,"4,554",tt32178949,6532783,1500000.0,3.36,2024,no,international feature film
tt28607951,Anora,139 min,Comedy,Sean Baker,"Mikey Madison, Paul Weissman, Yura Borisov","English, Russian, Armenian",United States,7.5,91.0,"176,420",tt28607951,59568145,2000000.0,28.78,2024,yes,best picture
tt8999762,The Brutalist,216 min,Drama,Brady Corbet,"Adrien Brody, Felicity Jones, Guy Pearce","English, Hungarian, Italian, Hebrew, Yiddish, Russian, French",United States,7.4,90.0,"78,828",tt8999762,50257472,12000000.0,3.19,2024,no,best picture
tt11563598,A Complete Unknown,141 min,Biography,James Mangold,"Timothée Chalamet, Edward Norton, Elle Fanning",English,United States,7.7,70.0,"74,164",tt11563598,140263060,2000000.0,69.13,2024,no,best picture
tt20215234,Conclave,120 min,Drama,Edward Berger,"Ralph Fiennes, Stanley Tucci, John Lithgow","English, Italian, Spanish, Latin",United Kingdom,7.4,79.0,"147,765",tt20215234,119109751,10000000.0,10.91,2024,no,best picture
tt15239678,Dune: Part Two,166 min,Action,Denis Villeneuve,"Timothée Chalamet, Zendaya, Rebecca Ferguson",English,United States,8.5,79.0,"626,461",tt15239678,714644358,200000000.0,2.57,2024,no,best picture
tt23055660,Nickel Boys,140 min,Drama,RaMell Ross,"Ethan Herisse, Brandon Wilson, Aunjanue Ellis-Taylor",English,United States,7.0,91.0,"16,693",tt23055660,3016380,4000000.0,-0.25,2024,no,best picture
tt17526714,The Substance,141 min,Drama,Coralie Fargeat,"Demi Moore, Margaret Qualley, Dennis Quaid",English,United Kingdom,7.3,78.0,"296,980",tt17526714,77316812,6000000.0,11.89,2024,no,best picture
tt1262426,Wicked,160 min,Fantasy,Jon M. Chu,"Cynthia Erivo, Ariana Grande, Jeff Goldblum",English,United States,7.5,73.0,"156,595",tt1262426,755311722,145000000.0,4.21,2024,no,best picture
