filmid,title,runtime,genre,director,actors,language,country,imdbRating,metascore,imdbVotes
tt0245712,Amores Perros,154 min,"Drama, Thriller",Alejandro G. Iñárritu,"Emilio Echevarría, Gael García Bernal, Goya Toledo",Spanish,Mexico,8.0,83,"261,019"
tt0190332,"Crouching Tiger, Hidden Dragon",120 min,"Action, Adventure, Drama",Ang Lee,"Chow Yun-Fat, Michelle Yeoh, Ziyi Zhang","Mandarin, Chinese","China, Taiwan, Hong Kong, United States",7.9,94,"287,997"
tt0234288,Divided We Fall,117 min,"Comedy, Drama, War",Jan Hrebejk,"Bolek Polívka, Csongor Kassai, Jaroslav Dusek","German, Czech",Czech Republic,7.6,69,"5,448"
tt0209037,Everybody's Famous!,97 min,"Comedy, Drama, Music",Dominique Deruddere,"Josse De Pauw, Eva van der Gucht, Werner De Smedt","Dutch, English, Spanish","Belgium, Netherlands, France",6.9,60,"3,326"
tt0216787,The Taste of Others,112 min,"Comedy, Drama, Romance",Agnès Jaoui,"Anne Alvaro, Jean-Pierre Bacri, Alain Chabat","French, English",France,7.2,78,"10,594"
tt0241303,Chocolat,121 min,"Drama, Romance",Lasse Hallström,"Juliette Binoche, Johnny Depp, Judi Dench","English, French","United Kingdom, United States",7.2,64,"206,593"
tt0195685,Erin Brockovich,131 min,"Biography, Drama",Steven Soderbergh,"Julia Roberts, Albert Finney, David Brisbin",English,United States,7.4,73,"232,375"
tt0172495,Gladiator,155 min,"Action, Adventure, Drama",Ridley Scott,"Russell Crowe, Joaquin Phoenix, Connie Nielsen",English,"United States, United Kingdom, Malta, Morocco",8.5,67,"1,728,425"
tt0181865,Traffic,147 min,"Crime, Drama, Thriller",Steven Soderbergh,"Michael Douglas, Benicio Del Toro, Catherine Zeta-Jones","English, Spanish","Germany, United States",7.6,86,"223,374"
tt0268397,Jimmy Neutron: Boy Genius,82 min,"Animation, Action, Adventure",John A. Davis,"Debi Derryberry, Rob Paulsen, Megan Cavanagh",English,"United States, Australia",6.1,65,"39,233"
tt0198781,"Monsters, Inc.",92 min,"Animation, Adventure, Comedy","Pete Docter, David Silverman, Lee Unkrich","Billy Crystal, John Goodman, Mary Gibbs",English,United States,8.1,79,"1,026,193"
tt0126029,Shrek,90 min,"Animation, Adventure, Comedy","Andrew Adamson, Vicky Jenson","Mike Myers, Eddie Murphy, Cameron Diaz",English,United States,7.9,84,"763,726"
tt0211915,Amélie,122 min,"Comedy, Romance",Jean-Pierre Jeunet,"Audrey Tautou, Mathieu Kassovitz, Rufus","French, Russian, English","France, Germany",8.3,70,"814,883"
tt0279064,Elling,89 min,"Comedy, Drama",Petter Næss,"Per Christian Ellefsen, Sven Nordin, Marit Pia Jacobsen",Norwegian,Norway,7.5,70,"16,012"
tt0169102,Lagaan: Once Upon a Time in India,224 min,"Drama, Musical, Sport",Ashutosh Gowariker,"Aamir Khan, Raghubir Yadav, Gracy Singh","Hindi, English","India, United States",8.1,84,"122,152"
tt0283509,No Man's Land,98 min,"Comedy, Drama, War",Danis Tanovic,"Branko Djuric, Rene Bitorajac, Filip Sovagovic","Bosnian, French, English, Serbian","France, Bosnia and Herzegovina, Italy, Belgium, United Kingdom, Slovenia",7.9,84,"49,335"
tt0292542,Son of the Bride,123 min,"Comedy, Drama",Juan José Campanella,"Ricardo Darín, Héctor Alterio, Norma Aleandro",Spanish,"Argentina, Spain",7.8,68,"16,702"
tt0268978,A Beautiful Mind,135 min,"Biography, Drama, Mystery",Ron Howard,"Russell Crowe, Ed Harris, Jennifer Connelly",English,United States,8.2,72,"1,019,484"
tt0280707,Gosford Park,137 min,"Comedy, Drama, Mystery",Robert Altman,"Maggie Smith, Ryan Phillippe, Michael Gambon","English, Latin","United Kingdom, Italy, United States",7.2,90,"96,190"
tt0247425,In the Bedroom,131 min,"Crime, Drama",Todd Field,"Tom Wilkinson, Sissy Spacek, Nick Stahl","English, Serbo-Croatian",United States,7.4,86,"42,925"
tt0120737,The Lord of the Rings: The Fellowship of the Ring,178 min,"Adventure, Drama, Fantasy",Peter Jackson,"Elijah Wood, Ian McKellen, Orlando Bloom","English, Sindarin","New Zealand, United States, United Kingdom",8.9,92,"2,104,541"
tt0203009,Moulin Rouge!,127 min,"Drama, Musical, Romance",Baz Luhrmann,"Nicole Kidman, Ewan McGregor, John Leguizamo","English, French, Spanish","Australia, United States",7.6,66,"304,330"
tt0268380,Ice Age,81 min,"Animation, Adventure, Comedy","Chris Wedge, Carlos Saldanha","Denis Leary, John Leguizamo, Ray Romano",English,United States,7.5,61,"541,606"
tt0275847,Lilo & Stitch,85 min,"Animation, Adventure, Comedy","Dean DeBlois, Chris Sanders","Daveigh Chase, Chris Sanders, Tia Carrere","English, Hawaiian","United States, Japan",7.3,74,"224,747"
tt0166813,Spirit: Stallion of the Cimarron,83 min,"Animation, Adventure, Drama","Kelly Asbury, Lorna Cook","Matt Damon, James Cromwell, Daniel Studi",English,"United States, Canada",7.2,52,"89,645"
tt0245429,Spirited Away,124 min,"Animation, Adventure, Family",Hayao Miyazaki,"Daveigh Chase, Suzanne Pleshette, Miyu Irino","Japanese, English","Japan, United States",8.6,96,"905,425"
tt0133240,Treasure Planet,95 min,"Animation, Adventure, Family","Ron Clements, John Musker","Joseph Gordon-Levitt, Emma Thompson, Martin Short",English,United States,7.2,60,"139,829"
tt0313196,The Crime of Padre Amaro,118 min,"Drama, Romance",Carlos Carrera,"Gael García Bernal, Ana Claudia Talancón, Sancho Gracia",Spanish,"Mexico, Argentina, Spain",6.7,60,"14,550"
tt0299977,Hero,107 min,"Action, Adventure, Drama",Yimou Zhang,"Jet Li, Tony Leung Chiu-wai, Maggie Cheung",Mandarin,"Hong Kong, China",7.9,85,"190,575"
tt0311519,The Man Without a Past,97 min,"Comedy, Drama, Romance",Aki Kaurismäki,"Markku Peltola, Kati Outinen, Annikki Tähti",Finnish,"Finland, Germany, France",7.6,84,"26,845"
tt0161860,Nowhere in Africa,141 min,"Biography, Drama, History",Caroline Link,"Juliane Köhler, Merab Ninidze, Matthias Habich","German, Swahili, English",Germany,7.5,72,"14,370"
tt0245157,Zus & Zo,106 min,"Comedy, Fantasy, Romance",Paula van der Oest,"Sylvia Poorta, Anneke Blok, Monic Hendrickx","Dutch, English, French, Portuguese",Netherlands,6.1,50,"1,699"
tt0299658,Chicago,113 min,"Comedy, Crime, Musical",Rob Marshall,"Renée Zellweger, Catherine Zeta-Jones, Richard Gere","English, Hungarian","United States, Germany",7.2,81,"247,886"
tt0217505,Gangs of New York,167 min,"Crime, Drama",Martin Scorsese,"Leonardo DiCaprio, Cameron Diaz, Daniel Day-Lewis","English, Irish Gaelic, Chinese, Latin","United States, Italy",7.5,72,"487,381"
tt0274558,The Hours,110 min,"Drama, Romance",Stephen Daldry,"Meryl Streep, Nicole Kidman, Julianne Moore",English,United States,7.5,80,"143,548"
tt0167261,The Lord of the Rings: The Two Towers,179 min,"Adventure, Drama, Fantasy",Peter Jackson,"Elijah Wood, Ian McKellen, Viggo Mortensen","English, Sindarin, Old English","New Zealand, United States",8.8,87,"1,871,784"
tt0253474,The Pianist,150 min,"Biography, Drama, Music",Roman Polanski,"Adrien Brody, Thomas Kretschmann, Frank Finlay","English, German, Russian","France, Poland, Germany, United Kingdom, United States",8.5,85,"964,581"
tt0328880,Brother Bear,85 min,"Animation, Adventure, Comedy","Aaron Blaise, Robert Walker","Joaquin Phoenix, Jeremy Suarez, Rick Moranis","English, Inuktitut, Croatian, Serbian","United States, Japan",6.9,48,"128,243"
tt0266543,Finding Nemo,100 min,"Animation, Adventure, Comedy","Andrew Stanton, Lee Unkrich","Albert Brooks, Ellen DeGeneres, Alexander Gould","English, Japanese, Russian","United States, Japan",8.2,90,"1,157,141"
tt0286244,The Triplets of Belleville,80 min,"Animation, Adventure, Comedy",Sylvain Chomet,"Michèle Caucheteux, Jean-Claude Donda, Michel Robin","French, Portuguese","France, Belgium, Canada, United Kingdom, Latvia, South Korea",7.7,91,"57,843"
tt0338135,The Barbarian Invasions,99 min,"Comedy, Crime, Drama",Denys Arcand,"Rémy Girard, Dorothée Berryman, Stéphane Rousseau","French, English","Canada, France",7.5,70,"30,322"
tt0338309,Evil,113 min,Drama,Mikael Håfström,"Andreas Wilson, Henrik Lundström, Gustaf Skarsgård","Swedish, Finnish","Sweden, Denmark",7.7,61,"42,845"
tt0351817,The Twilight Samurai,129 min,"Drama, Romance",Yôji Yamada,"Hiroyuki Sanada, Rie Miyazawa, Nenji Kobayashi",Japanese,Japan,8.1,82,"26,098"
tt0322674,Twin Sisters,137 min,"Drama, Romance, War",Ben Sombogaart,"Ellen Vogel, Gudrun Okras, Thekla Reuten","Dutch, German, English, French","Netherlands, Luxembourg",7.4,N/A,"7,365"
tt0288330,Zelary,150 min,"Drama, Romance, War",Ondrej Trojan,"Anna Geislerová, György Cserhalmi, Ivan Trojan","Czech, Russian, German","Czech Republic, Slovakia, Austria",7.5,66,"3,788"
tt0167260,The Lord of the Rings: The Return of the King,201 min,"Adventure, Drama, Fantasy",Peter Jackson,"Elijah Wood, Viggo Mortensen, Ian McKellen","English, Quenya, Old English, Sindarin","New Zealand, United States",9.0,94,"2,074,794"
tt0335266,Lost in Translation,102 min,"Comedy, Drama",Sofia Coppola,"Bill Murray, Scarlett Johansson, Giovanni Ribisi","English, Japanese, German, French","United States, Japan",7.7,91,"507,784"
tt0311113,Master and Commander: The Far Side of the World,138 min,"Action, Adventure, Drama",Peter Weir,"Russell Crowe, Paul Bettany, Billy Boyd","English, French, Portuguese",United States,7.5,81,"246,026"
tt0327056,Mystic River,138 min,"Crime, Drama, Mystery",Clint Eastwood,"Sean Penn, Tim Robbins, Kevin Bacon",English,"United States, Australia",7.9,84,"499,313"
tt0329575,Seabiscuit,140 min,"Drama, History, Sport",Gary Ross,"Tobey Maguire, Jeff Bridges, Elizabeth Banks",English,United States,7.3,72,"77,696"
tt0317705,The Incredibles,115 min,"Animation, Action, Adventure",Brad Bird,"Craig T. Nelson, Samuel L. Jackson, Holly Hunter","English, French, German, Italian, Portuguese, Russian",United States,8.0,90,"851,626"
tt0307453,Shark Tale,90 min,"Animation, Adventure, Comedy","Bibo Bergeron, Vicky Jenson, Rob Letterman","Will Smith, Robert De Niro, Renée Zellweger",English,"United States, France",6.0,48,"205,957"
tt0298148,Shrek 2,93 min,"Animation, Adventure, Comedy","Andrew Adamson, Kelly Asbury, Conrad Vernon","Mike Myers, Eddie Murphy, Cameron Diaz",English,United States,7.4,75,"530,600"
tt0382330,As It Is in Heaven,133 min,"Comedy, Drama, Music",Kay Pollak,"Michael Nyqvist, Frida Hallgren, Helen Sjöholm","Swedish, English, Italian",Sweden,7.5,N/A,"18,436"
tt0372824,The Chorus,97 min,"Drama, Music",Christophe Barratier,"Gérard Jugnot, François Berléand, Jean-Baptiste Maunier",French,"France, Switzerland, Germany",7.8,56,"68,923"
tt0363163,Downfall,156 min,"Biography, Drama, History",Oliver Hirschbiegel,"Bruno Ganz, Alexandra Maria Lara, Ulrich Matthes","German, Russian, French, Hungarian, English","Germany, Austria, Italy",8.2,82,"387,266"
tt0369702,The Sea Inside,126 min,"Biography, Drama",Alejandro Amenábar,"Javier Bardem, Belén Rueda, Lola Dueñas","Spanish, Catalan, Galician","Spain, France, Italy",8.0,74,"86,753"
tt0419279,Yesterday,90 min,Drama,Darrell Roodt,"Leleti Khumalo, Lihle Mvelase, Kenneth Khambula",Zulu,South Africa,7.5,N/A,"2,471"
tt0338751,The Aviator,170 min,"Biography, Drama",Martin Scorsese,"Leonardo DiCaprio, Cate Blanchett, Kate Beckinsale","English, Persian","United States, Germany",7.5,77,"391,524"
tt0308644,Finding Neverland,106 min,"Biography, Drama, Family",Marc Forster,"Johnny Depp, Kate Winslet, Julie Christie",English,"United States, United Kingdom",7.7,67,"213,751"
tt0405159,Million Dollar Baby,132 min,"Drama, Sport",Clint Eastwood,"Hilary Swank, Clint Eastwood, Morgan Freeman","English, Irish Gaelic, German",United States,8.1,86,"745,543"
tt0350258,Ray,152 min,"Biography, Drama, Music",Taylor Hackford,"Jamie Foxx, Regina King, Kerry Washington",English,United States,7.7,73,"160,266"
tt0375063,Sideways,127 min,"Comedy, Drama, Romance",Alexander Payne,"Paul Giamatti, Thomas Haden Church, Virginia Madsen","English, Armenian, French",United States,7.5,94,"209,135"
tt0347149,Howl's Moving Castle,119 min,"Animation, Adventure, Family",Hayao Miyazaki,"Chieko Baishô, Takuya Kimura, Tatsuya Gashûin",Japanese,"Japan, United States",8.2,82,"480,420"
tt0121164,Corpse Bride,77 min,"Animation, Comedy, Drama","Tim Burton, Mike Johnson","Johnny Depp, Helena Bonham Carter, Emily Watson",English,United States,7.4,83,"310,890"
tt0312004,Wallace & Gromit: The Curse of the Were-Rabbit,85 min,"Animation, Adventure, Comedy","Steve Box, Nick Park","Peter Sallis, Helena Bonham Carter, Ralph Fiennes",English,"United Kingdom, United States",7.5,87,"152,997"
tt0443446,Don't Tell,120 min,"Drama, Mystery",Cristina Comencini,"Giovanna Mezzogiorno, Luigi Lo Cascio, Alessio Boni","Italian, English","Italy, United Kingdom, France, Spain",6.4,52,"2,613"
tt0424205,Joyeux Noel,116 min,"Drama, History, Music",Christian Carion,"Diane Kruger, Benno Fürmann, Guillaume Canet","French, German, English, Latin","France, Germany, United Kingdom, Belgium, Romania, Japan",7.6,70,"33,037"
tt0445620,Paradise Now,91 min,"Crime, Drama, Thriller",Hany Abu-Assad,"Kais Nashif, Ali Suliman, Lubna Azabal","Arabic, English","Occupied Palestinian Territory, Netherlands, Israel, Germany, France",7.4,71,"24,349"
tt0426578,Sophie Scholl: The Final Days,120 min,"Biography, Crime, Drama",Marc Rothemund,"Julia Jentsch, Fabian Hinrichs, Alexander Held",German,Germany,7.6,76,"29,091"
tt0468565,Tsotsi,94 min,"Crime, Drama",Gavin Hood,"Presley Chweneyagae, Mothusi Magano, Israel Matseke-Zulu","Zulu, Sotho, Xhosa, Afrikaans, English","United Kingdom, South Africa",7.2,70,"31,817"
tt0388795,Brokeback Mountain,134 min,"Drama, Romance",Ang Lee,"Jake Gyllenhaal, Heath Ledger, Michelle Williams","English, Spanish","Canada, United States",7.7,87,"399,825"
tt0379725,Capote,114 min,"Biography, Crime, Drama",Bennett Miller,"Philip Seymour Hoffman, Clifton Collins Jr., Catherine Keener",English,"United States, Canada",7.3,88,"144,716"
tt0375679,Crash,112 min,"Crime, Drama, Thriller",Paul Haggis,"Don Cheadle, Sandra Bullock, Thandiwe Newton","English, Persian, Spanish, Mandarin, Korean","United States, Germany",7.7,66,"454,574"
tt0433383,"Good Night, and Good Luck.",93 min,"Biography, Drama, History",George Clooney,"David Strathairn, George Clooney, Patricia Clarkson",English,"United Kingdom, France, Japan, United States",7.4,80,"102,376"
tt0408306,Munich,164 min,"Drama, History, Thriller",Steven Spielberg,"Eric Bana, Daniel Craig, Marie-Josée Croze","English, German, French, Hebrew, Arabic, Italian, Greek, Russian, Dutch","France, Canada, United States",7.5,74,"246,983"
tt0317219,Cars,116 min,"Animation, Adventure, Comedy","John Lasseter, Joe Ranft","Owen Wilson, Bonnie Hunt, Paul Newman","English, Italian, Japanese, Yiddish",United States,7.3,73,"501,895"
tt0366548,Happy Feet,108 min,"Animation, Adventure, Comedy","George Miller, Warren Coleman, Judy Morris","Elijah Wood, Brittany Murphy, Hugh Jackman",English,"United States, Australia",6.4,77,"206,080"
tt0385880,Monster House,91 min,"Animation, Comedy, Family",Gil Kenan,"Mitchel Musso, Sam Lerner, Spencer Locke",English,United States,6.7,68,"145,933"
tt0457655,After the Wedding,120 min,Drama,Susanne Bier,"Mads Mikkelsen, Sidse Babett Knudsen, Rolf Lassgård","Danish, Swedish, English, Hindi","Denmark, Sweden, United Kingdom, Norway",7.7,78,"37,670"
tt0444182,Days of Glory,120 min,"Drama, War",Rachid Bouchareb,"Samy Naceri, Roschdy Zem, Sami Bouajila","French, Arabic","Algeria, France, Morocco, Belgium",7.0,82,"15,320"
tt0405094,The Lives of Others,137 min,"Drama, Mystery, Thriller",Florian Henckel von Donnersmarck,"Ulrich Mühe, Martina Gedeck, Sebastian Koch",German,"Germany, France",8.4,89,"426,492"
tt0457430,Pan's Labyrinth,118 min,"Drama, Fantasy, War",Guillermo del Toro,"Ivana Baquero, Ariadna Gil, Sergi López",Spanish,"Mexico, Spain",8.2,98,"724,170"
tt0240200,Water,117 min,Drama,Deepa Mehta,"Lisa Ray, John Abraham, Seema Biswas","Hindi, Sanskrit, English","Canada, United States, India",7.7,77,"15,505"
tt0449467,Babel,143 min,Drama,Alejandro G. Iñárritu,"Brad Pitt, Cate Blanchett, Gael García Bernal","English, Arabic, Spanish, Japanese, Berber languages, French, Russian, Japanese Sign ","United States, Mexico, France, Japan",7.5,69,"322,031"
tt0407887,The Departed,151 min,"Crime, Drama, Thriller",Martin Scorsese,"Leonardo DiCaprio, Matt Damon, Jack Nicholson","English, Cantonese","United States, Hong Kong",8.5,85,"1,481,779"
tt0498380,Letters from Iwo Jima,141 min,"Action, Adventure, Drama",Clint Eastwood,"Ken Watanabe, Kazunari Ninomiya, Tsuyoshi Ihara","Japanese, English",United States,7.8,89,"172,625"
tt0449059,Little Miss Sunshine,101 min,"Comedy, Drama","Jonathan Dayton, Valerie Faris","Steve Carell, Toni Collette, Greg Kinnear",English,United States,7.8,80,"529,633"
tt0436697,The Queen,103 min,"Biography, Drama",Stephen Frears,"Helen Mirren, Michael Sheen, James Cromwell","English, German, French","United Kingdom, United States, France, Italy",7.3,90,"117,005"
tt0808417,Persepolis,96 min,"Animation, Biography, Drama","Vincent Paronnaud, Marjane Satrapi","Chiara Mastroianni, Catherine Deneuve, Gena Rowlands","French, English, Persian, German","France, United States",8.0,90,"102,680"
tt0382932,Ratatouille,111 min,"Animation, Adventure, Comedy","Brad Bird, Jan Pinkava","Brad Garrett, Lou Romano, Patton Oswalt","English, French",United States,8.1,96,"883,425"
tt0423294,Surf's Up,85 min,"Animation, Adventure, Comedy","Ash Brannon, Chris Buck","Shia LaBeouf, Zooey Deschanel, Jon Heder",English,United States,6.7,64,"95,811"
tt0758732,Beaufort,131 min,"Action, Drama, War",Joseph Cedar,"Oshri Cohen, Itay Tiran, Eli Eltonyo",Hebrew,Israel,6.7,N/A,"4,883"
tt0813547,The Counterfeiters,99 min,"Crime, Drama, History",Stefan Ruzowitzky,"Karl Markovics, August Diehl, Devid Striesow","German, Russian, English, Hebrew","Austria, Germany",7.5,78,"47,659"
tt0879843,Katyn,121 min,"Drama, History, War",Andrzej Wajda,"Andrzej Chyra, Maja Ostaszewska, Artur Zmijewski","Polish, Russian, German",Poland,7.0,81,"17,646"
tt0416044,Mongol: The Rise of Genghis Khan,126 min,"Action, Biography, Drama",Sergei Bodrov,"Tadanobu Asano, Amadu Mamadakov, Khulan Chuluun","Mongolian, Mandarin","Russia, Germany, Kazakhstan",7.2,74,"50,221"
tt0488478,12,159 min,"Crime, Drama, Thriller",Nikita Mikhalkov,"Sergey Makovetskiy, Sergey Garmash, Apti Magamaev","Russian, Chechen",Russia,7.5,72,"15,679"
tt0783233,Atonement,123 min,"Drama, Mystery, Romance",Joe Wright,"Keira Knightley, James McAvoy, Brenda Blethyn","English, French","United Kingdom, France, United States",7.8,85,"312,812"
tt0467406,Juno,96 min,"Comedy, Drama",Jason Reitman,"Elliot Page, Michael Cera, Jennifer Garner","English, Spanish",United States,7.4,81,"558,478"
tt0465538,Michael Clayton,119 min,"Crime, Drama, Mystery",Tony Gilroy,"George Clooney, Tilda Swinton, Tom Wilkinson",English,United States,7.2,82,"177,866"
tt0477348,No Country for Old Men,122 min,"Crime, Drama, Thriller","Ethan Coen, Joel Coen","Tommy Lee Jones, Javier Bardem, Josh Brolin","English, Spanish",United States,8.2,92,"1,120,666"
tt0469494,There Will Be Blood,158 min,Drama,Paul Thomas Anderson,"Daniel Day-Lewis, Paul Dano, Ciarán Hinds","English, American Sign ",United States,8.2,93,"668,453"
tt0397892,Bolt,96 min,"Animation, Adventure, Comedy","Byron Howard, Chris Williams","John Travolta, Miley Cyrus, Susie Essman",English,"United States, Japan",6.8,67,"236,537"
tt0441773,Kung Fu Panda,92 min,"Animation, Action, Adventure","Mark Osborne, John Stevenson","Jack Black, Ian McShane, Angelina Jolie",English,United States,7.6,74,"549,513"
tt0910970,WALL·E,98 min,"Animation, Adventure, Family",Andrew Stanton,"Ben Burtt, Elissa Knight, Jeff Garlin",English,"United States, Japan",8.4,95,"1,259,621"
tt0765432,The Baader Meinhof Complex,150 min,"Action, Biography, Crime",Uli Edel,"Martina Gedeck, Moritz Bleibtreu, Johanna Wokalek","German, English, French, Swedish, Arabic","Germany, France, Czech Republic, Morocco, United States",7.3,76,"40,508"
tt1068646,The Class,128 min,Drama,Laurent Cantet,"François Bégaudeau, Agame Malembo-Emene, Angélica Sancio","French, Bambara, Spanish",France,7.5,92,"36,785"
tt1069238,Departures,130 min,Drama,Yôjirô Takita,"Masahiro Motoki, Ryôko Hirosue, Tsutomu Yamazaki",Japanese,Japan,8.0,68,"55,909"
tt1173745,Revanche,121 min,"Crime, Drama, Romance",Götz Spielmann,"Johannes Krisch, Irina Potapenko, Andreas Lust","German, Russian",Austria,7.5,84,"16,327"
tt1185616,Waltz with Bashir,90 min,"Documentary, Animation, Biography",Ari Folman,"Ari Folman, Ron Ben-Yishai, Ronny Dayag","Hebrew, Arabic, German, English","Israel, France, Germany, United States, Finland, Switzerland, Belgium, Australia",8.0,91,"61,713"
tt0421715,The Curious Case of Benjamin Button,166 min,"Drama, Fantasy, Romance",David Fincher,"Brad Pitt, Cate Blanchett, Tilda Swinton","English, Russian, French",United States,7.8,70,"719,514"
tt0870111,Frost/Nixon,122 min,"Biography, Drama, History",Ron Howard,"Frank Langella, Michael Sheen, Kevin Bacon",English,"United Kingdom, France, United States",7.6,80,"113,901"
tt1013753,Milk,128 min,"Biography, Drama, History",Gus Van Sant,"Sean Penn, Josh Brolin, Emile Hirsch",English,United States,7.5,83,"181,480"
tt0976051,The Reader,124 min,"Drama, Mystery, Romance",Stephen Daldry,"Kate Winslet, Ralph Fiennes, Bruno Ganz","English, German, Greek, Latin","Germany, United States",7.6,58,"268,414"
tt1010048,Slumdog Millionaire,120 min,"Crime, Drama, Romance","Danny Boyle, Loveleen Tandan","Dev Patel, Freida Pinto, Saurabh Shukla","English, Hindi","United Kingdom, France, United States, India",8.0,84,"894,660"
tt0327597,Coraline,100 min,"Animation, Drama, Family",Henry Selick,"Dakota Fanning, Teri Hatcher, John Hodgman","English, Russian",United States,7.8,80,"283,568"
tt0432283,Fantastic Mr. Fox,87 min,"Animation, Adventure, Comedy",Wes Anderson,"George Clooney, Meryl Streep, Bill Murray","English, French",United States,7.9,83,"285,607"
tt0780521,The Princess and the Frog,97 min,"Animation, Adventure, Comedy","Ron Clements, John Musker","Anika Noni Rose, Keith David, Oprah Winfrey","English, French","United States, Brazil, Canada",7.2,73,"177,373"
tt0485601,The Secret of Kells,75 min,"Animation, Adventure, Family","Tomm Moore, Nora Twomey","Evan McGuire, Brendan Gleeson, Mick Lally","Irish Gaelic, Norwegian, Latin, English","Ireland, Belgium, France, Luxembourg",7.5,81,"38,868"
tt1049413,Up,96 min,"Animation, Adventure, Comedy","Pete Docter, Bob Peterson","Edward Asner, Jordan Nagai, John Ratzenberger",English,United States,8.3,88,"1,166,741"
tt1077262,Ajami,124 min,"Crime, Drama","Scandar Copti, Yaron Shani","Fouad Habash, Nisrin Siksik, Elias Saba","Arabic, Hebrew","Germany, Israel, United Kingdom",7.3,82,"6,636"
tt1206488,The Milk of Sorrow,94 min,"Drama, Music",Claudia Llosa,"Magaly Solier, Susi Sánchez, Efraín Solís","Spanish, Quechua","Spain, Peru",6.7,68,"7,444"
tt1235166,A Prophet,155 min,"Crime, Drama",Jacques Audiard,"Tahar Rahim, Niels Arestrup, Adel Bencherif","French, Arabic, Corsican","France, Italy",7.8,90,"103,929"
tt1305806,The Secret in Their Eyes,129 min,"Drama, Mystery, Romance",Juan José Campanella,"Ricardo Darín, Soledad Villamil, Pablo Rago",Spanish,"Argentina, Spain",8.2,80,"229,994"
tt1149362,The White Ribbon,144 min,"Drama, Mystery, Thriller",Michael Haneke,"Christian Friedel, Ernst Jacobi, Leonie Benesch","German, Italian, Polish, Latin","Germany, Austria, France, Italy, Canada",7.8,84,"79,018"
tt0499549,Avatar,162 min,"Action, Adventure, Fantasy",James Cameron,"Sam Worthington, Zoe Saldaña, Sigourney Weaver","English, Spanish","United States, United Kingdom",7.9,83,"1,428,047"
tt0878804,The Blind Side,129 min,"Biography, Drama, Sport",John Lee Hancock,"Quinton Aaron, Sandra Bullock, Tim McGraw",English,United States,7.6,53,"372,247"
tt1136608,District 9,112 min,"Action, Sci-Fi, Thriller",Neill Blomkamp,"Sharlto Copley, David James, Jason Cope","English, Nyanja, Afrikaans, Zulu, Xhosa, Sotho","South Africa, United States, New Zealand, Canada",7.9,81,"734,532"
tt1174732,An Education,100 min,Drama,Lone Scherfig,"Carey Mulligan, Peter Sarsgaard, Alfred Molina","English, French","United Kingdom, United States",7.2,85,"139,276"
tt0887912,The Hurt Locker,131 min,"Drama, Thriller, War",Kathryn Bigelow,"Jeremy Renner, Anthony Mackie, Brian Geraghty","English, Arabic","United States, Luxembourg, Canada",7.5,95,"483,818"
tt0361748,Inglourious Basterds,153 min,"Adventure, Drama, War",Quentin Tarantino,"Brad Pitt, Diane Kruger, Eli Roth","English, German, French, Italian","United States, Germany",8.4,69,"1,679,699"
tt0929632,Precious,110 min,Drama,Lee Daniels,"Gabourey Sidibe, Mo'Nique, Paula Patton","English, Italian",United States,7.3,78,"117,933"
tt1019452,A Serious Man,106 min,"Comedy, Drama","Ethan Coen, Joel Coen","Michael Stuhlbarg, Richard Kind, Sari Lennick","English, Yiddish, Hebrew","United Kingdom, France, United States",7.0,88,"154,204"
tt1193138,Up in the Air,109 min,"Comedy, Drama, Romance",Jason Reitman,"George Clooney, Vera Farmiga, Anna Kendrick",English,United States,7.4,83,"355,244"
tt0892769,How to Train Your Dragon,98 min,"Animation, Action, Adventure","Dean DeBlois, Chris Sanders","Jay Baruchel, Gerard Butler, Christopher Mintz-Plasse",English,"United States, France, United Kingdom",8.1,75,"841,318"
tt0775489,The Illusionist,80 min,"Animation, Drama, Fantasy",Sylvain Chomet,"Jean-Claude Donda, Eilidh Rankin, Duncan MacNeil","English, French, Gaelic","France, United Kingdom, South Korea",7.4,82,"36,923"
tt0435761,Toy Story 3,103 min,"Animation, Adventure, Comedy",Lee Unkrich,"Tom Hanks, Tim Allen, Joan Cusack","English, Spanish",United States,8.3,92,"929,348"
tt1164999,Biutiful,148 min,"Drama, Romance",Alejandro G. Iñárritu,"Javier Bardem, Maricel Álvarez, Hanaa Bouchaib","Spanish, Chinese, Wolof","Mexico, Spain",7.4,58,"96,218"
tt1379182,Dogtooth,97 min,"Drama, Thriller",Yorgos Lanthimos,"Christos Stergioglou, Michele Valley, Angeliki Papoulia",Greek,Greece,7.1,73,"115,606"
tt1340107,In a Better World,118 min,"Drama, Romance",Susanne Bier,"Mikael Persbrandt, Trine Dyrholm, Markus Rygaard","Danish, Swedish, English, Arabic","Denmark, Sweden, Belgium, Germany",7.6,65,"42,168"
tt1255953,Incendies,131 min,"Drama, Mystery, War",Denis Villeneuve,"Lubna Azabal, Mélissa Désormeaux-Poulin, Maxim Gaudette","French, Arabic, English","Canada, France",8.3,80,"223,004"
tt1229381,Outside the Law,138 min,"Crime, Drama, War",Rachid Bouchareb,"Jamel Debbouze, Roschdy Zem, Sami Bouajila","French, Arabic, English","France, Algeria, Belgium, Tunisia, Italy",6.6,59,"4,164"
tt0947798,Black Swan,108 min,"Drama, Thriller",Darren Aronofsky,"Natalie Portman, Mila Kunis, Vincent Cassel","English, French, Italian",United States,8.0,79,"847,805"
tt0964517,The Fighter,116 min,"Action, Biography, Drama",David O. Russell,"Mark Wahlberg, Christian Bale, Amy Adams",English,United States,7.8,79,"397,651"
tt1375666,Inception,148 min,"Action, Adventure, Sci-Fi",Christopher Nolan,"Leonardo DiCaprio, Joseph Gordon-Levitt, Elliot Page","English, Japanese, French","United States, United Kingdom",8.8,74,"2,671,882"
tt0842926,The Kids Are All Right,106 min,"Comedy, Drama, Romance",Lisa Cholodenko,"Annette Bening, Julianne Moore, Mark Ruffalo",English,"United States, France",7.0,86,"135,717"
tt1504320,The King's Speech,118 min,"Biography, Drama, History",Tom Hooper,"Colin Firth, Geoffrey Rush, Helena Bonham Carter",English,"United States, United Kingdom",8.0,88,"721,302"
tt1542344,127 Hours,94 min,"Biography, Drama",Danny Boyle,"James Franco, Amber Tamblyn, Kate Mara","English, Italian","United Kingdom, United States, France",7.5,82,"413,566"
tt1285016,The Social Network,120 min,"Biography, Drama",David Fincher,"Jesse Eisenberg, Andrew Garfield, Justin Timberlake","English, French",United States,7.8,95,"790,002"
tt1403865,True Grit,110 min,"Drama, Western","Ethan Coen, Joel Coen","Jeff Bridges, Matt Damon, Hailee Steinfeld",English,United States,7.6,80,"366,886"
tt1399683,Winter's Bone,100 min,"Crime, Drama, Mystery",Debra Granik,"Jennifer Lawrence, John Hawkes, Garret Dillahunt",English,United States,7.1,90,"153,370"
tt1673702,A Cat in Paris,70 min,"Animation, Adventure, Comedy","Jean-Loup Felicioli, Alain Gagnol","Dominique Blanc, Bernadette Lafont, Bruno Salomone","French, English","France, Belgium",6.9,63,"12,157"
tt1235830,Chico & Rita,94 min,"Animation, Crime, Drama","Tono Errando, Javier Mariscal, Fernando Trueba","Eman Xor Oña, Limara Meneses, Mario Guerra","Spanish, English, French","Spain, United Kingdom, Isle of Man",7.2,76,"9,769"
tt1302011,Kung Fu Panda 2,90 min,"Animation, Action, Adventure",Jennifer Yuh Nelson,"Jack Black, Angelina Jolie, Jackie Chan",English,"United States, Canada",7.3,67,"338,773"
tt0448694,Puss in Boots,90 min,"Animation, Action, Adventure",Chris Miller,"Antonio Banderas, Salma Hayek, Zach Galifianakis","English, Spanish",United States,6.6,65,"201,603"
tt1192628,Rango,107 min,"Animation, Action, Adventure",Gore Verbinski,"Johnny Depp, Isla Fisher, Timothy Olyphant",English,"United States, United Kingdom",7.3,75,"304,245"
tt1821593,Bullhead,129 min,"Crime, Drama",Michaël R. Roskam,"Matthias Schoenaerts, Jeroen Perceval, Jeanne Dandoy","Flemish, French, Dutch","Belgium, Netherlands",7.3,68,"24,560"
tt1445520,Footnote,107 min,"Comedy, Drama",Joseph Cedar,"Shlomo Bar-Aba, Lior Ashkenazi, Aliza Rosen",Hebrew,Israel,7.1,83,"6,401"
tt1417075,In Darkness,145 min,"Drama, War",Agnieszka Holland,"Robert Wieckiewicz, Benno Fürmann, Agnieszka Grochowska","Polish, German, Yiddish, Ukrainian, Russian","Poland, Germany, Canada",7.3,74,"11,254"
tt2011971,Monsieur Lazhar,95 min,"Comedy, Drama",Philippe Falardeau,"Mohamed Fellag, Sophie Nélisse, Émilien Néron","French, English, Arabic",Canada,7.5,82,"21,403"
tt1832382,A Separation,123 min,Drama,Asghar Farhadi,"Payman Maadi, Leila Hatami, Sareh Bayat",Persian,"Iran, France, Australia",8.3,95,"266,651"
tt1655442,The Artist,100 min,"Comedy, Drama, Romance",Michel Hazanavicius,"Jean Dujardin, Bérénice Bejo, John Goodman","English, French","France, Belgium, United States",7.8,89,"251,986"
tt1033575,The Descendants,115 min,"Comedy, Drama",Alexander Payne,"George Clooney, Shailene Woodley, Amara Miller",English,United States,7.3,84,"256,240"
tt0477302,Extremely Loud & Incredibly Close,129 min,"Adventure, Drama, Mystery",Stephen Daldry,"Thomas Horn, Tom Hanks, Sandra Bullock",English,United States,6.9,46,"105,897"
tt1454029,The Help,146 min,Drama,Tate Taylor,"Viola Davis, Emma Stone, Octavia Spencer",English,"United States, India",8.1,62,"511,326"
tt0970179,Hugo,126 min,"Adventure, Drama, Family",Martin Scorsese,"Asa Butterfield, Chloë Grace Moretz, Christopher Lee",English,"United States, United Kingdom",7.5,83,"340,341"
tt1605783,Midnight in Paris,94 min,"Comedy, Fantasy, Romance",Woody Allen,"Owen Wilson, Rachel McAdams, Kathy Bates","English, French, Spanish, German","Spain, United States, France",7.6,81,"461,265"
tt1210166,Moneyball,133 min,"Biography, Drama, Sport",Bennett Miller,"Brad Pitt, Robin Wright, Jonah Hill",English,United States,7.6,87,"485,155"
tt0478304,The Tree of Life,139 min,"Drama, Fantasy",Terrence Malick,"Brad Pitt, Sean Penn, Jessica Chastain",English,United States,6.8,85,"187,897"
tt1568911,War Horse,146 min,"Adventure, Drama, War",Steven Spielberg,"Jeremy Irvine, Emily Watson, David Thewlis","English, German","United States, India",7.2,72,"168,295"
tt1217209,Brave,93 min,"Animation, Action, Adventure","Mark Andrews, Brenda Chapman, Steve Purcell","Kelly Macdonald, Billy Connolly, Emma Thompson",English,"United States, Japan, United Kingdom",7.1,69,"459,211"
tt1142977,Frankenweenie,87 min,"Animation, Comedy, Drama",Tim Burton,"Winona Ryder, Catherine O'Hara, Martin Short",English,"United States, United Kingdom",6.9,74,"120,955"
tt1623288,ParaNorman,92 min,"Animation, Adventure, Comedy","Chris Butler, Sam Fell","Kodi Smit-McPhee, Anna Kendrick, Christopher Mintz-Plasse",English,"United States, United Kingdom",7.0,72,"113,177"
tt1430626,The Pirates! Band of Misfits,88 min,"Animation, Action, Adventure","Peter Lord, Jeff Newitt","Hugh Grant, Salma Hayek, Jeremy Piven",English,"United Kingdom, United States",6.7,73,"52,861"
tt1772341,Wreck-It Ralph,101 min,"Animation, Adventure, Comedy",Rich Moore,"John C. Reilly, Jack McBrayer, Jane Lynch",English,United States,7.7,72,"478,174"
tt1602620,Amour,127 min,Drama,Michael Haneke,"Jean-Louis Trintignant, Emmanuelle Riva, Isabelle Huppert","French, English","France, Germany, Austria",7.9,95,"107,129"
tt1613750,Kon-Tiki,118 min,"Adventure, Biography, Drama","Joachim Rønning, Espen Sandberg","Pål Sverre Hagen, Anders Baasmo, Gustaf Skarsgård","Danish, German, Norwegian, English, French, Swedish, Spanish","United Kingdom, Norway, Denmark, Germany, Sweden",7.1,62,"52,942"
tt2059255,No,118 min,"Drama, History",Pablo Larraín,"Gael García Bernal, Alfredo Castro, Antonia Zegers",Spanish,"Chile, France, Mexico, United States",7.4,81,"26,710"
tt1276419,A Royal Affair,137 min,"Biography, Drama, History",Nikolaj Arcel,"Alicia Vikander, Mads Mikkelsen, Mikkel Boe Følsgaard","Danish, English, German, French","Denmark, Sweden, Czech Republic, Germany",7.5,73,"52,660"
tt1820488,War Witch,90 min,"Drama, War",Kim Nguyen,"Rachel Mwanza, Alain Lino Mic Eli Bastien, Serge Kanyinda","French, Lingala",Canada,7.0,84,"7,614"
tt1024648,Argo,120 min,"Biography, Drama, History",Ben Affleck,"Ben Affleck, Bryan Cranston, John Goodman","English, Persian, German, Arabic","United Kingdom, United States",7.7,86,"646,488"
tt2125435,Beasts of the Southern Wild,93 min,"Adventure, Drama, Fantasy",Benh Zeitlin,"Quvenzhané Wallis, Dwight Henry, Levy Easterly",English,United States,7.2,86,"85,703"
tt1853728,Django Unchained,165 min,"Comedy, Drama, Western",Quentin Tarantino,"Jamie Foxx, Christoph Waltz, Leonardo DiCaprio","English, German, French, Italian",United States,8.5,81,"1,763,019"
tt1707386,Les Misérables,158 min,"Drama, Musical, Romance",Tom Hooper,"Hugh Jackman, Russell Crowe, Anne Hathaway",English,"United Kingdom, United States",7.5,63,"354,357"
tt0454876,Life of Pi,127 min,"Adventure, Drama, Fantasy",Ang Lee,"Suraj Sharma, Irrfan Khan, Adil Hussain","English, Hindi, Japanese, French","United States, Taiwan, United Kingdom, Canada, India, France",7.9,79,"684,613"
tt0443272,Lincoln,150 min,"Biography, Drama, History",Steven Spielberg,"Daniel Day-Lewis, Sally Field, David Strathairn",English,"United States, India",7.3,87,"278,651"
tt1045658,Silver Linings Playbook,122 min,"Comedy, Drama, Romance",David O. Russell,"Bradley Cooper, Jennifer Lawrence, Robert De Niro","English, Hindi",United States,7.7,81,"759,070"
tt1790885,Zero Dark Thirty,157 min,"Drama, History, Thriller",Kathryn Bigelow,"Jessica Chastain, Joel Edgerton, Chris Pratt","English, Arabic, Urdu, Pashtu, French","United States, India, Jordan",7.4,95,"329,828"
tt0481499,The Croods,98 min,"Animation, Adventure, Comedy","Kirk DeMicco, Chris Sanders","Nicolas Cage, Ryan Reynolds, Emma Stone",English,United States,7.1,55,"237,948"
tt1690953,Despicable Me 2,98 min,"Animation, Adventure, Comedy","Pierre Coffin, Chris Renaud","Steve Carell, Kristen Wiig, Benjamin Bratt","English, Ukrainian","United States, France",7.3,62,"443,902"
tt1816518,Ernest & Celestine,80 min,"Animation, Adventure, Comedy","Stéphane Aubier, Vincent Patar, Benjamin Renner","Lambert Wilson, Pauline Brunner, Anne-Marie Loop","French, English","France, Belgium, Luxembourg, United States",7.8,86,"22,756"
tt2294629,Frozen,102 min,"Animation, Adventure, Comedy","Chris Buck, Jennifer Lee","Kristen Bell, Idina Menzel, Jonathan Groff",English,United States,7.4,75,"686,777"
tt2013293,The Wind Rises,126 min,"Animation, Biography, Drama",Hayao Miyazaki,"Hideaki Anno, Hidetoshi Nishijima, Miori Takimoto","Japanese, German, Italian, French",Japan,7.8,83,"104,075"
tt2024519,The Broken Circle Breakdown,111 min,"Drama, Music, Romance",Felix van Groeningen,"Veerle Baetens, Johan Heldenbergh, Nell Cattrysse","Flemish, English, Dutch","Belgium, Netherlands",7.7,70,"44,156"
tt2358891,The Great Beauty,141 min,Drama,Paolo Sorrentino,"Toni Servillo, Carlo Verdone, Sabrina Ferilli","Italian, Japanese, Spanish, Chinese, French, Latin, German, English","Italy, France",7.7,86,"100,081"
tt2106476,The Hunt,115 min,Drama,Thomas Vinterberg,"Mads Mikkelsen, Thomas Bo Larsen, Annika Wedderkopp","Danish, English, Polish","Denmark, Sweden, Belgium, France",8.3,77,"387,720"
tt2852470,The Missing Picture,92 min,Documentary,Rithy Panh,"Randal Douc, Jean-Baptiste Phou",French,"Cambodia, France",7.3,87,"3,588"
tt2852406,Omar,98 min,"Crime, Drama, Romance",Hany Abu-Assad,"Adam Bakri, Leem Lubany, Eyad Hourani","Arabic, Hebrew",Occupied Palestinian Territory,7.5,75,"15,858"
tt1800241,American Hustle,138 min,"Crime, Drama",David O. Russell,"Christian Bale, Amy Adams, Bradley Cooper","English, Arabic","United States, China",7.2,90,"509,633"
tt1535109,Captain Phillips,134 min,"Action, Biography, Crime",Paul Greengrass,"Tom Hanks, Barkhad Abdi, Barkhad Abdirahman","English, Somali",United States,7.8,82,"506,837"
tt0790636,Dallas Buyers Club,117 min,"Biography, Drama",Jean-Marc Vallée,"Matthew McConaughey, Jennifer Garner, Jared Leto","English, Japanese",United States,7.9,77,"532,298"
tt1454468,Gravity,91 min,"Drama, Sci-Fi, Thriller",Alfonso Cuarón,"Sandra Bullock, George Clooney, Ed Harris","English, Greenlandic","United Kingdom, United States",7.7,96,"877,210"
tt1798709,Her,126 min,"Drama, Romance, Sci-Fi",Spike Jonze,"Joaquin Phoenix, Amy Adams, Scarlett Johansson",English,United States,8.0,91,"693,732"
tt1821549,Nebraska,115 min,Drama,Alexander Payne,"Bruce Dern, Will Forte, June Squibb","English, Spanish",United States,7.7,86,"126,051"
tt2431286,Philomena,98 min,"Biography, Comedy, Drama",Stephen Frears,"Judi Dench, Steve Coogan, Sophie Kennedy Clark",English,"United Kingdom, France, United States",7.6,77,"105,621"
tt2024544,12 Years a Slave,134 min,"Biography, Drama, History",Steve McQueen,"Chiwetel Ejiofor, Michael Kenneth Williams, Michael Fassbender",English,"United Kingdom, United States",8.1,96,"763,954"
tt0993846,The Wolf of Wall Street,180 min,"Biography, Comedy, Crime",Martin Scorsese,"Leonardo DiCaprio, Jonah Hill, Margot Robbie","English, French",United States,8.2,75,"1,683,543"
tt2245084,Big Hero 6,102 min,"Animation, Action, Adventure","Don Hall, Chris Williams","Ryan Potter, Scott Adsit, Jamie Chung",English,United States,7.8,74,"527,175"
tt0787474,The Boxtrolls,96 min,"Animation, Adventure, Comedy","Graham Annable, Anthony Stacchi","Ben Kingsley, Jared Harris, Nick Frost",English,"United States, Canada",6.8,61,"62,785"
tt1646971,How to Train Your Dragon 2,102 min,"Animation, Action, Adventure",Dean DeBlois,"Jay Baruchel, Cate Blanchett, Gerard Butler",English,"United States, India",7.8,77,"380,482"
tt1865505,Song of the Sea,93 min,"Animation, Adventure, Drama",Tomm Moore,"David Rawle, Brendan Gleeson, Lisa Hannigan","English, Irish Gaelic","Ireland, Denmark, Belgium, France, Luxembourg",8.0,85,"65,736"
tt2576852,The Tale of The Princess Kaguya,137 min,"Animation, Drama, Family",Isao Takahata,"Chloë Grace Moretz, James Caan, Mary Steenburgen",Japanese,Japan,8.0,89,"58,154"
tt2718492,Ida,82 min,Drama,Pawel Pawlikowski,"Agata Kulesza, Agata Trzebuchowska, Dawid Ogrodnik","Polish, Latin, French","Poland, Denmark, France, United Kingdom",7.4,91,"61,665"
tt2802154,Leviathan,140 min,"Crime, Drama",Andrey Zvyagintsev,"Aleksey Serebryakov, Elena Lyadova, Roman Madyanov",Russian,Russia,7.6,92,"57,739"
tt2991224,Tangerines,87 min,"Drama, War",Zaza Urushadze,"Lembit Ulfsak, Elmo Nüganen, Giorgi Nakashidze","Estonian, Russian, Georgian","Estonia, Georgia",8.1,73,"50,317"
tt3409392,Timbuktu,96 min,"Drama, War",Abderrahmane Sissako,"Ibrahim Ahmed, Abel Jafri, Toulou Kiki","French, Arabic, Bambara, English, Songhay, Tamashek","France, Mauritania, Qatar",7.1,92,"18,617"
tt3011894,Wild Tales,122 min,"Comedy, Drama, Thriller",Damián Szifron,"Darío Grandinetti, María Marull, Mónica Villa",Spanish,"Argentina, Spain, France, United Kingdom",8.1,77,"225,049"
tt2179136,American Sniper,133 min,"Action, Biography, Drama",Clint Eastwood,"Bradley Cooper, Sienna Miller, Kyle Gallner","English, Arabic",United States,7.3,73,"548,828"
tt2562232,Birdman or (The Unexpected Virtue of Ignorance),119 min,"Comedy, Drama",Alejandro G. Iñárritu,"Michael Keaton, Zach Galifianakis, Edward Norton",English,United States,7.7,87,"681,128"
tt1065073,Boyhood,165 min,Drama,Richard Linklater,"Ellar Coltrane, Patricia Arquette, Ethan Hawke","English, Spanish, Ukrainian, Arabic",United States,7.9,100,"375,135"
tt2278388,The Grand Budapest Hotel,99 min,"Comedy, Drama",Wes Anderson,"Ralph Fiennes, F. Murray Abraham, Mathieu Amalric","English, French, German","United States, Germany",8.1,88,"925,564"
tt2084970,The Imitation Game,114 min,"Biography, Drama, Thriller",Morten Tyldum,"Benedict Cumberbatch, Keira Knightley, Matthew Goode","English, German",United States,8.0,71,"842,688"
tt1020072,Selma,128 min,"Biography, Drama, History",Ava DuVernay,"David Oyelowo, Carmen Ejogo, Oprah Winfrey","English, Portuguese","United States, United Kingdom, France",7.5,79,"96,889"
tt2980516,The Theory of Everything,123 min,"Biography, Drama, Romance",James Marsh,"Eddie Redmayne, Felicity Jones, Tom Prior","English, French, Ukrainian","United Kingdom, Japan, United States",7.7,71,"496,044"
tt2582802,Whiplash,106 min,"Drama, Music",Damien Chazelle,"Miles Teller, J.K. Simmons, Melissa Benoist",English,United States,8.5,89,"1,072,121"
tt2401878,Anomalisa,90 min,"Animation, Comedy, Drama","Duke Johnson, Charlie Kaufman","David Thewlis, Jennifer Jason Leigh, Tom Noonan","English, Italian, Japanese","United Kingdom, United States",7.2,88,"77,210"
tt3183630,The Boy and the World,80 min,"Animation, Adventure, Family",Alê Abreu,"Vinicius Garcia, Marco Aurélio Campos, Lu Horta",Portuguese,Brazil,7.5,80,"7,733"
tt2096673,Inside Out,95 min,"Animation, Adventure, Comedy","Pete Docter, Ronnie Del Carmen","Amy Poehler, Bill Hader, Lewis Black","English, Portuguese, Latvian",United States,8.1,94,"862,834"
tt2872750,Shaun the Sheep Movie,85 min,"Animation, Adventure, Comedy","Mark Burton, Richard Starzak","Justin Fletcher, John Sparkes, Omid Djalili","None, English","United Kingdom, France",7.3,81,"45,000"
tt3398268,When Marnie Was There,103 min,"Animation, Drama, Family",Hiromasa Yonebayashi,"Sara Takatsuki, Kasumi Arimura, Nanako Matsushima",Japanese,Japan,7.6,72,"50,411"
tt4285496,Embrace of the Serpent,125 min,"Adventure, Biography, Drama",Ciro Guerra,"Nilbio Torres, Jan Bijvoet, Antonio Bolívar","Spanish, Portuguese, Aboriginal, German, Catalan, Latin, English","Colombia, Mexico, Venezuela, Argentina, Spain, Netherlands",7.8,82,"25,201"
tt3966404,Mustang,97 min,Drama,Deniz Gamze Ergüven,"Günes Sensoy, Doga Zeynep Doguslu, Tugba Sunguroglu",Turkish,"France, Germany, Turkey, Qatar",7.6,83,"41,684"
tt3808342,Son of Saul,107 min,"Drama, War",László Nemes,"Géza Röhrig, Levente Molnár, Urs Rechn","Hungarian, Yiddish, German, Russian, Polish, French, Greek, Slovak, Hebrew","Hungary, France",7.4,91,"52,784"
tt3170902,Theeb,100 min,"Adventure, Drama, Thriller",Naji Abu Nowar,"Jacir Eid Al-Hwietat, Hussein Salameh Al-Sweilhiyeen, Hassan Mutlag Al-Maraiyeh","Arabic, English, Turkish","Jordan, United Kingdom, Qatar, United Arab Emirates",7.2,80,"11,706"
tt3830162,A War,115 min,"Crime, Drama, Thriller",Tobias Lindholm,"Pilou Asbæk, Tuva Novotny, Søren Malling","Danish, Arabic, English","Denmark, France",7.0,81,"11,376"
tt1596363,The Big Short,130 min,"Biography, Comedy, Drama",Adam McKay,"Christian Bale, Steve Carell, Ryan Gosling",English,United States,7.8,81,"509,381"
tt3682448,Bridge of Spies,142 min,"Drama, History, Thriller",Steven Spielberg,"Tom Hanks, Mark Rylance, Alan Alda","English, German, Russian","United States, India, Germany",7.6,81,"336,285"
tt2381111,Brooklyn,117 min,"Drama, Romance",John Crowley,"Saoirse Ronan, Emory Cohen, Domhnall Gleeson","English, Latin, Irish Gaelic","Ireland, United Kingdom, Canada, United States",7.5,88,"154,923"
tt1392190,Mad Max: Fury Road,120 min,"Action, Adventure, Sci-Fi",George Miller,"Tom Hardy, Charlize Theron, Nicholas Hoult","English, Russian","Australia, United States",8.1,90,"1,164,488"
tt3659388,The Martian,144 min,"Adventure, Drama, Sci-Fi",Ridley Scott,"Matt Damon, Jessica Chastain, Kristen Wiig","English, Mandarin","United States, United Kingdom, Hungary, Jordan",8.0,80,"956,193"
tt1663202,The Revenant,156 min,"Action, Adventure, Drama",Alejandro G. Iñárritu,"Leonardo DiCaprio, Tom Hardy, Will Poulter","English, Pawnee, French","United States, Hong Kong, Taiwan, Argentina",8.0,76,"899,014"
tt3170832,Room,118 min,"Drama, Thriller",Lenny Abrahamson,"Brie Larson, Jacob Tremblay, Sean Bridgers",English,"Ireland, Canada, United Kingdom, United States",8.1,86,"467,294"
tt1895587,Spotlight,129 min,"Biography, Crime, Drama",Tom McCarthy,"Mark Ruffalo, Michael Keaton, Rachel McAdams",English,United States,8.1,93,"514,090"
tt4302938,Kubo and the Two Strings,101 min,"Animation, Action, Adventure",Travis Knight,"Charlize Theron, Art Parkinson, Matthew McConaughey",English,"United Kingdom, United States",7.7,84,"141,495"
tt3521164,Moana,107 min,"Animation, Adventure, Comedy","Ron Clements, John Musker, Don Hall","Auli'i Cravalho, Dwayne Johnson, Rachel House","English, French",United States,7.6,81,"413,216"
tt2321405,My Life as a Zucchini,70 min,"Animation, Comedy, Drama",Claude Barras,"Gaspard Schlatter, Sixtine Murat, Paulin Jaccoud",French,"Switzerland, France, United Kingdom",7.8,85,"30,271"
tt3666024,The Red Turtle,80 min,"Animation, Drama, Family",Michael Dudok de Wit,"Emmanuel Garijo, Tom Hudson, Baptiste Goy",None,"France, Belgium, Japan, United States",7.5,86,"40,211"
tt2948356,Zootopia,108 min,"Animation, Action, Adventure","Byron Howard, Rich Moore, Jared Bush","Ginnifer Goodwin, Jason Bateman, Idris Elba",English,United States,8.0,78,"577,006"
tt3841424,Land of Mine,100 min,"Drama, History, War",Martin Zandvliet,"Roland Møller, Louis Hofmann, Joel Basman","German, Danish, English","Denmark, Germany",7.8,75,"46,811"
tt4080728,A Man Called Ove,116 min,"Comedy, Drama, Romance",Hannes Holm,"Rolf Lassgård, Bahar Pars, Filip Berg","Swedish, Persian, Spanish","Sweden, Denmark, Norway",7.7,70,"71,843"
tt5186714,The Salesman,124 min,"Drama, Thriller",Asghar Farhadi,"Shahab Hosseini, Taraneh Alidoosti, Mina Sadati","Persian, English","Iran, France, Qatar, United States",7.7,85,"66,807"
tt4239726,Tanna,104 min,"Adventure, Drama, Romance","Martin Butler, Bentley Dean","Mungau Dain, Marie Wawa, Marceline Rofit",Aboriginal,"Australia, Vanuatu",6.9,75,"4,726"
tt4048272,Toni Erdmann,162 min,"Comedy, Drama",Maren Ade,"Sandra Hüller, Peter Simonischek, Michael Wittenborn","French, German, English, Romanian","Germany, Austria, Monaco, Romania, France, Switzerland, Belgium",7.3,93,"52,959"
tt2543164,Arrival,116 min,"Drama, Mystery, Sci-Fi",Denis Villeneuve,"Amy Adams, Jeremy Renner, Forest Whitaker","English, Mandarin, Russian","United States, Canada",7.9,81,"810,200"
tt2671706,Fences,139 min,Drama,Denzel Washington,"Denzel Washington, Viola Davis, Stephen McKinley Henderson",English,"United States, Canada",7.2,79,"121,705"
tt2119532,Hacksaw Ridge,139 min,"Biography, Drama, History",Mel Gibson,"Andrew Garfield, Sam Worthington, Luke Bracey","English, Japanese",United States,8.1,71,"630,865"
tt2582782,Hell or High Water,102 min,"Crime, Drama, Thriller",David Mackenzie,"Chris Pine, Ben Foster, Jeff Bridges",English,United States,7.6,88,"261,534"
tt4846340,Hidden Figures,127 min,"Biography, Drama, History",Theodore Melfi,"Taraji P. Henson, Octavia Spencer, Janelle Monáe",English,United States,7.8,74,"273,146"
tt3783958,La La Land,128 min,"Comedy, Drama, Music",Damien Chazelle,"Ryan Gosling, Emma Stone, Rosemarie DeWitt","English, Cantonese","United States, Hong Kong",8.0,94,"717,993"
tt3741834,Lion,118 min,"Biography, Drama",Garth Davis,"Dev Patel, Nicole Kidman, Rooney Mara","English, Hindi, Bengali","United Kingdom, Australia, United States",8.0,69,"259,362"
tt4034228,Manchester by the Sea,137 min,Drama,Kenneth Lonergan,"Casey Affleck, Michelle Williams, Kyle Chandler",English,United States,7.8,96,"327,412"
tt4975722,Moonlight,111 min,Drama,Barry Jenkins,"Mahershala Ali, Naomie Harris, Trevante Rhodes",English,United States,7.4,99,"341,149"
tt3874544,The Boss Baby,97 min,"Animation, Adventure, Comedy",Tom McGrath,"Alec Baldwin, Steve Buscemi, Jimmy Kimmel","English, Spanish",United States,6.3,50,"148,134"
tt3901826,The Breadwinner,94 min,"Animation, Drama, Family",Nora Twomey,"Saara Chaudry, Soma Chhaya, Noorin Gulamgaus",English,"Ireland, Canada, Luxembourg, United States, France",7.7,78,"29,181"
tt2380307,Coco,105 min,"Animation, Adventure, Drama","Lee Unkrich, Adrian Molina","Anthony Gonzalez, Gael García Bernal, Benjamin Bratt","English, Spanish","United States, Mexico",8.4,81,"645,660"
tt3411444,Ferdinand,108 min,"Animation, Adventure, Comedy",Carlos Saldanha,"John Cena, Kate McKinnon, Bobby Cannavale","English, Spanish, German","United States, United Kingdom, Canada",6.7,58,"67,904"
tt3262342,Loving Vincent,94 min,"Animation, Drama, Mystery","DK Welchman, Hugh Welchman","Douglas Booth, Jerome Flynn, Robert Gulaczyk",English,"Poland, United Kingdom, United States, Switzerland, Netherlands",7.8,62,"64,902"
tt5639354,A Fantastic Woman,104 min,Drama,Sebastián Lelio,"Daniela Vega, Francisco Reyes, Luis Gnecco","Spanish, Chinese","Chile, Spain, Germany, United States",7.2,81,"28,004"
tt7048622,The Insult,113 min,"Crime, Drama, Thriller",Ziad Doueiri,"Adel Karam, Kamel El Basha, Camille Salameh",Arabic,"France, Cyprus, Belgium, Lebanon, United States",7.6,72,"18,373"
tt6304162,Loveless,127 min,Drama,Andrey Zvyagintsev,"Maryana Spivak, Aleksey Rozin, Matvey Novikov","Russian, Portuguese, Uzbek","Russia, France, Germany, Belgium, Cyprus",7.6,86,"36,338"
tt5607714,On Body and Soul,116 min,"Drama, Fantasy, Mystery",Ildikó Enyedi,"Alexandra Borbély, Géza Morcsányi, Réka Tenki",Hungarian,Hungary,7.5,77,"30,806"
tt4995790,The Square,151 min,"Comedy, Drama",Ruben Östlund,"Claes Bang, Elisabeth Moss, Dominic West","Swedish, English, Danish","Sweden, Germany, France, Denmark, United States",7.1,73,"79,423"
tt5726616,Call Me by Your Name,132 min,"Drama, Romance",Luca Guadagnino,"Timothée Chalamet, Armie Hammer, Michael Stuhlbarg","English, Italian, French, German, Hebrew","Brazil, France, Italy, United States",7.8,94,"333,865"
tt4555426,Darkest Hour,125 min,"Drama, War",Joe Wright,"Gary Oldman, Lily James, Kristin Scott Thomas","English, French, German, Italian","United Kingdom, United States, China",7.4,75,"228,237"
tt5013056,Dunkirk,106 min,"Action, Drama, History",Christopher Nolan,"Fionn Whitehead, Barry Keoghan, Mark Rylance","English, French, German","United Kingdom, Netherlands, France, United States",7.8,94,"765,975"
tt5052448,Get Out,104 min,"Horror, Mystery, Thriller",Jordan Peele,"Daniel Kaluuya, Allison Williams, Bradley Whitford","English, Swahili","United States, Japan",7.8,85,"758,140"
tt4925292,Lady Bird,94 min,"Comedy, Drama",Greta Gerwig,"Saoirse Ronan, Laurie Metcalf, Tracy Letts","English, Spanish",United States,7.4,93,"349,400"
tt5776858,Phantom Thread,130 min,"Drama, Romance",Paul Thomas Anderson,"Vicky Krieps, Daniel Day-Lewis, Lesley Manville","English, French","United States, China",7.4,90,"150,681"
tt6294822,The Post,116 min,"Biography, Drama, History",Steven Spielberg,"Meryl Streep, Tom Hanks, Sarah Paulson",English,"United States, India",7.2,83,"165,772"
tt5580390,The Shape of Water,123 min,"Drama, Fantasy, Romance",Guillermo del Toro,"Sally Hawkins, Octavia Spencer, Michael Shannon","English, American Sign , Russian, French","United States, Mexico",7.3,87,"459,967"
tt5027774,"Three Billboards Outside Ebbing, Missouri",115 min,"Comedy, Crime, Drama",Martin McDonagh,"Frances McDormand, Woody Harrelson, Sam Rockwell",English,"United Kingdom, United States",8.1,88,"574,280"
tt3606756,Incredibles 2,118 min,"Animation, Action, Adventure",Brad Bird,"Craig T. Nelson, Holly Hunter, Sarah Vowell",English,"United States, Japan",7.5,80,"348,349"
tt5104604,Isle of Dogs,101 min,"Animation, Adventure, Comedy",Wes Anderson,"Bryan Cranston, Koyu Rankin, Edward Norton","English, Japanese","United Kingdom, Germany, Japan, United States",7.8,82,"199,660"
tt6900448,Mirai,98 min,"Animation, Adventure, Drama",Mamoru Hosoda,"Rebecca Hall, Daniel Dae Kim, Kôji Yakusho","Japanese, English",Japan,7.0,81,"18,743"
tt5848272,Ralph Breaks the Internet,112 min,"Animation, Adventure, Comedy","Phil Johnston, Rich Moore","John C. Reilly, Sarah Silverman, Gal Gadot",English,United States,7.0,71,"194,435"
tt4633694,Spider-Man: Into the Spider-Verse,117 min,"Animation, Action, Adventure","Bob Persichetti, Peter Ramsey, Rodney Rothman","Shameik Moore, Jake Johnson, Hailee Steinfeld","English, Spanish","Canada, United States",8.4,87,"727,185"
tt8267604,Capernaum,126 min,Drama,Nadine Labaki,"Zain Al Rafeea, Yordanos Shiferaw, Boluwatife Treasure Bankole","Arabic, Amharic","Lebanon, United States, France, Cyprus, Qatar, United Kingdom",8.4,75,"115,409"
tt6543652,Cold War,89 min,"Drama, Music, Romance",Pawel Pawlikowski,"Joanna Kulig, Tomasz Kot, Borys Szyc","Polish, French, Croatian, German, Russian, Serbian, Italian","Poland, United Kingdom, France, Belgium, India",7.5,90,"63,597"
tt5311542,Never Look Away,189 min,"Biography, Drama, Romance",Florian Henckel von Donnersmarck,"Tom Schilling, Sebastian Koch, Paula Beer","German, Russian","Germany, Italy, United States",7.7,68,"26,792"
tt6155172,Roma,135 min,Drama,Alfonso Cuarón,"Yalitza Aparicio, Marina de Tavira, Diego Cortina Autrey","Spanish, Mixtec, English, Japanese, German, French, Norwegian","Mexico, United States",7.7,96,"173,699"
tt8075192,Shoplifters,121 min,"Crime, Drama, Thriller",Hirokazu Koreeda,"Lily Franky, Sakura Andô, Kirin Kiki",Japanese,Japan,7.9,93,"89,783"
tt1825683,Black Panther,134 min,"Action, Adventure, Sci-Fi",Ryan Coogler,"Chadwick Boseman, Michael B. Jordan, Lupita Nyong'o","English, Swahili, Nama, Xhosa, Korean",United States,7.3,88,"870,736"
tt7349662,BlacKkKlansman,135 min,"Biography, Comedy, Crime",Spike Lee,"John David Washington, Adam Driver, Laura Harrier",English,"United States, China",7.5,83,"300,208"
tt1727824,Bohemian Rhapsody,134 min,"Biography, Drama, Music",Bryan Singer,"Rami Malek, Lucy Boynton, Gwilym Lee","English, British Sign ","United Kingdom, United States",7.9,49,"618,782"
tt5083738,The Favourite,119 min,"Biography, Comedy, Drama",Yorgos Lanthimos,"Olivia Colman, Emma Stone, Rachel Weisz",English,"Ireland, United Kingdom, United States",7.5,91,"247,322"
tt6966692,Green Book,130 min,"Biography, Comedy, Drama",Peter Farrelly,"Viggo Mortensen, Mahershala Ali, Linda Cardellini","English, Italian, Russian, German","United States, China",8.2,69,"624,774"
tt1517451,A Star Is Born,136 min,"Drama, Music, Romance",Bradley Cooper,"Lady Gaga, Bradley Cooper, Sam Elliott","English, French",United States,7.6,88,"430,265"
tt6266538,Vice,132 min,"Biography, Comedy, Drama",Adam McKay,"Christian Bale, Amy Adams, Steve Carell","English, Arabic",United States,7.2,61,"169,094"
tt2386490,How to Train Your Dragon: The Hidden World,104 min,"Animation, Action, Adventure",Dean DeBlois,"Jay Baruchel, America Ferrera, F. Murray Abraham",English,"United States, Japan",7.4,71,"162,927"
tt9806192,I Lost My Body,81 min,"Animation, Drama, Fantasy",Jérémy Clapin,"Hakim Faris, Victoire Du Bois, Patrick d'Assumçao",French,"France, United Kingdom, United States",7.5,81,"37,311"
tt4729430,Klaus,96 min,"Animation, Adventure, Comedy","Sergio Pablos, Carlos Martínez López","Jason Schwartzman, J.K. Simmons, Rashida Jones","English, Saami","Spain, United Kingdom, United States, Austria, Canada, France",8.2,65,"213,749"
tt6348138,Missing Link,93 min,"Animation, Adventure, Comedy",Chris Butler,"Hugh Jackman, David Walliams, Stephen Fry","English, Spanish, Tibetan","United States, Canada, Netherlands, Japan",6.7,68,"29,773"
tt1979376,Toy Story 4,100 min,"Animation, Adventure, Comedy",Josh Cooley,"Tom Hanks, Tim Allen, Annie Potts",English,United States,7.6,84,"295,159"
tt8649186,Corpus Christi,115 min,Drama,Jan Komasa,"Bartosz Bielenia, Aleksandra Konieczna, Eliza Rycembel",Polish,"Poland, France",7.7,77,"22,669"
tt8991268,Honeyland,89 min,"Documentary, Drama","Tamara Kotevska, Ljubomir Stefanov","Hatidze Muratova, Nazife Muratova, Hussein Sam","Serbo-Croatian, Serbian, Croatian, Turkish, Macedonian, Bosnian","North Macedonia, United States, Switzerland",8.0,85,"19,657"
tt10199590,Les Misérables,104 min,"Crime, Drama, Thriller",Ladj Ly,"Damien Bonnard, Alexis Manenti, Djebril Zonga","French, Bambara",France,7.6,78,"29,146"
tt8291806,Pain and Glory,113 min,Drama,Pedro Almodóvar,"Antonio Banderas, Asier Etxeandia, Leonardo Sbaraglia",Spanish,"Spain, France",7.5,87,"65,425"
tt6751668,Parasite,132 min,"Drama, Thriller",Bong Joon Ho,"Song Kang-ho, Lee Sun-kyun, Cho Yeo-jeong","Korean, English",South Korea,8.5,97,"1,058,893"
tt1950186,Ford v Ferrari,152 min,"Action, Biography, Drama",James Mangold,"Matt Damon, Christian Bale, Jon Bernthal","English, Italian, French, Japanese",United States,8.1,81,"511,816"
tt1302006,The Irishman,209 min,"Biography, Crime, Drama",Martin Scorsese,"Robert De Niro, Al Pacino, Joe Pesci","English, Italian, Latin, Spanish, German",United States,7.8,94,"452,725"
tt2584384,Jojo Rabbit,108 min,"Comedy, Drama, War",Taika Waititi,"Roman Griffin Davis, Thomasin McKenzie, Scarlett Johansson","English, German","Czech Republic, New Zealand, United States, Germany",7.9,58,"463,306"
tt7286456,Joker,122 min,"Crime, Drama, Thriller",Todd Phillips,"Joaquin Phoenix, Robert De Niro, Zazie Beetz","English, German","United States, Canada, Australia",8.3,59,"1,601,600"
tt3281548,Little Women,135 min,"Drama, Romance",Greta Gerwig,"Saoirse Ronan, Emma Watson, Florence Pugh","English, French",United States,7.8,91,"265,900"
tt7653254,Marriage Story,137 min,"Drama, Romance",Noah Baumbach,"Adam Driver, Scarlett Johansson, Julia Greer","English, Spanish","United Kingdom, United States",7.9,94,"358,019"
tt8579674,1917,119 min,"Action, Drama, War",Sam Mendes,"Dean-Charles Chapman, George MacKay, Daniel Mays","English, French, German","United Kingdom, United States, India, Spain, Canada",8.2,78,"725,123"
tt7131622,Once Upon a Time... in Hollywood,161 min,"Comedy, Drama",Quentin Tarantino,"Leonardo DiCaprio, Brad Pitt, Margot Robbie","English, Italian, Spanish, German","United States, United Kingdom, China",7.6,84,"898,601"
tt7146812,Onward,102 min,"Animation, Adventure, Comedy",Dan Scanlon,"Tom Holland, Chris Pratt, Julia Louis-Dreyfus",English,"United States, Japan",7.4,61,"177,113"
tt7488208,Over the Moon,95 min,"Animation, Adventure, Comedy","Glen Keane, John Kahrs","Glen Keane, Brycen Hall, Ruthie Ann Miles",English,"China, United States",6.3,60,"25,783"
tt6193408,A Shaun the Sheep Movie: Farmageddon,86 min,"Animation, Adventure, Comedy","Will Becher, Richard Phelan","Justin Fletcher, John Sparkes, Amalia Vitale",English,"United Kingdom, France",6.8,79,"16,356"
tt2948372,Soul,100 min,"Animation, Adventure, Comedy","Pete Docter, Kemp Powers","Jamie Foxx, Tina Fey, Graham Norton","English, Korean, Inuktitut",United States,8.0,83,"407,528"
tt5198068,Wolfwalkers,103 min,"Animation, Action, Adventure","Tomm Moore, Ross Stewart","Honor Kneafsey, Eva Whittaker, Sean Bean","English, Irish Gaelic","Ireland, Luxembourg, France, China, United States",8.0,87,"41,880"
tt10288566,Another Round,117 min,Drama,Thomas Vinterberg,"Mads Mikkelsen, Thomas Bo Larsen, Magnus Millang","Danish, Swedish, French, English, Russian","Denmark, Sweden, Netherlands, Belgium, France",7.7,79,"206,926"
tt9586294,Better Days,135 min,"Crime, Drama, Romance",Derek Tsang,"Dongyu Zhou, Jackson Yee, Fang Yin","Mandarin, English","Hong Kong, China, United Kingdom",7.6,83,"15,299"
tt10706602,Collective,109 min,"Documentary, Crime",Alexander Nanau,"Dan Alexandru Condrea, Liviu Iolu, Razvan Lutac","Romanian, English","Romania, Luxembourg, Germany",8.1,95,"13,684"
tt10360862,The Man Who Sold His Skin,104 min,Drama,Kaouther Ben Hania,"Yahya Mahayni, Dea Liane, Koen De Bouw","Arabic, English, French, Flemish","Tunisia, France, Belgium, Germany, Sweden, Qatar, Cyprus, Turkey",6.9,64,"7,358"
tt8633462,"Quo Vadis, Aida?",101 min,"Drama, History, War",Jasmila Zbanic,"Jasna Djuricic, Izudin Bajrovic, Boris Ler","Serbo-Croatian, Bosnian, English, Dutch, Serbian","Bosnia and Herzegovina, Austria, Romania, Netherlands, Germany, Poland, France, Turkey, Norway, Croatia, Sweden, Montenegro, Italy",8.0,97,"40,198"
tt10272386,The Father,97 min,"Drama, Mystery",Florian Zeller,"Anthony Hopkins, Olivia Colman, Mark Gatiss",English,"United Kingdom, France, United States",8.2,88,"211,445"
tt9784798,Judas and the Black Messiah,126 min,"Biography, Drama, History",Shaka King,"LaKeith Stanfield, Daniel Kaluuya, Jesse Plemons",English,United States,7.4,84,"94,432"
tt10618286,Mank,131 min,"Biography, Drama",David Fincher,"Gary Oldman, Amanda Seyfried, Lily Collins","English, German, Latin",United States,6.8,79,"84,608"
tt10633456,Minari,115 min,Drama,Lee Isaac Chung,"Steven Yeun, Han Ye-ri, Alan Kim","Korean, English",United States,7.4,89,"101,764"
tt9770150,Nomadland,107 min,Drama,Chloé Zhao,"Frances McDormand, David Strathairn, Linda May",English,United States,7.3,87,"189,601"
tt9620292,Promising Young Woman,113 min,"Crime, Drama, Mystery",Emerald Fennell,"Carey Mulligan, Bo Burnham, Alison Brie",English,"United Kingdom, United States",7.5,72,"224,400"
tt5363618,Sound of Metal,120 min,"Drama, Music",Darius Marder,"Riz Ahmed, Olivia Cooke, Paul Raci","English, American Sign , French, Persian",United States,7.7,82,"157,577"
tt1070874,The Trial of the Chicago 7,129 min,"Drama, History, Thriller",Aaron Sorkin,"Eddie Redmayne, Alex Sharp, Sacha Baron Cohen","English, Latin, French","United States, United Kingdom, India",7.7,76,"198,007"
tt2953050,Encanto,102 min,"Animation, Comedy, Family","Jared Bush, Byron Howard, Charise Castro Smith","Stephanie Beatriz, María Cecilia Botero, John Leguizamo","English, Spanish",United States,7.2,75,"280,799"
tt8430054,Flee,89 min,"Documentary, Animation, Biography",Jonas Poher Rasmussen,"Daniel Karimyar, Fardin Mijdzadeh, Milad Eskandari","Spanish, Danish, English, Dari, Russian, Swedish","Denmark, France, Norway, Sweden, Netherlands, United Kingdom, United States, Finland, Italy, Spain, Estonia, Slovenia, Belgium",7.9,91,"20,187"
tt12801262,Luca,95 min,"Animation, Adventure, Comedy",Enrico Casarosa,"Jacob Tremblay, Jack Dylan Grazer, Emma Berman","English, Italian",United States,7.4,71,"206,563"
tt7979580,The Mitchells vs. the Machines,114 min,"Animation, Adventure, Comedy","Michael Rianda, Jeff Rowe","Abbi Jacobson, Danny McBride, Maya Rudolph",English,"United States, Hong Kong, Canada",7.6,81,"132,243"
tt5109280,Raya and the Last Dragon,107 min,"Animation, Action, Adventure","Don Hall, Carlos López Estrada, Paul Briggs","Kelly Marie Tran, Awkwafina, Gemma Chan",English,United States,7.3,74,"179,360"
tt14039582,Drive My Car,179 min,Drama,Ryûsuke Hamaguchi,"Hidetoshi Nishijima, Tôko Miura, Reika Kirishima","Japanese, English, Korean Sign , Korean, Mandarin, Tagalog, Indonesian, German, Malay",Japan,7.5,91,"71,528"
tt12680684,The Hand of God,130 min,Drama,Paolo Sorrentino,"Filippo Scotti, Toni Servillo, Teresa Saponangelo","Italian, Neapolitan","Italy, United States",7.3,76,"52,100"
tt10189300,Lunana: A Yak in the Classroom,110 min,"Drama, Family",Pawo Choyning Dorji,"Sherab Dorji, Ugyen Norbu Lhendup, Kelden Lhamo Gurung","Dzongkha, English","Bhutan, China",7.5,76,"7,304"
tt10370710,The Worst Person in the World,128 min,"Comedy, Drama, Romance",Joachim Trier,"Renate Reinsve, Anders Danielsen Lie, Herbert Nordrum",Norwegian,"Norway, France, Sweden, Denmark",7.7,91,"110,779"
tt12789558,Belfast,98 min,"Biography, Drama, Romance",Kenneth Branagh,"Jude Hill, Lewis McAskie, Caitríona Balfe",English,United Kingdom,7.2,75,"96,559"
tt10366460,CODA,111 min,"Comedy, Drama, Music",Sian Heder,"Emilia Jones, Marlee Matlin, Troy Kotsur","American Sign , English","France, Canada, United States",8.0,72,"177,380"
tt11286314,Don't Look Up,138 min,"Comedy, Drama, Sci-Fi",Adam McKay,"Leonardo DiCaprio, Jennifer Lawrence, Meryl Streep",English,"United States, Canada",7.2,49,"639,219"
tt1160419,Dune: Part One,155 min,"Action, Adventure, Drama",Denis Villeneuve,"Timothée Chalamet, Rebecca Ferguson, Zendaya","English, Mandarin","United States, Canada",8.0,74,"951,653"
tt9620288,King Richard,144 min,"Biography, Drama, Sport",Reinaldo Marcus Green,"Will Smith, Aunjanue Ellis-Taylor, Jon Bernthal","English, Spanish","United States, Australia",7.5,76,"145,812"
tt11271038,Licorice Pizza,133 min,"Comedy, Drama, Romance",Paul Thomas Anderson,"Alana Haim, Cooper Hoffman, Sean Penn","English, Japanese, Spanish","United States, Canada",7.1,90,"147,992"
tt7740496,Nightmare Alley,150 min,"Crime, Drama, Thriller",Guillermo del Toro,"Bradley Cooper, Cate Blanchett, Toni Collette","English, French","United States, Mexico, Canada",7.0,70,"175,050"
tt10293406,The Power of the Dog,126 min,"Drama, Western",Jane Campion,"Benedict Cumberbatch, Kirsten Dunst, Jesse Plemons","English, Shoshoni, Italian, French","New Zealand, United Kingdom, Canada, Australia, United States",6.8,89,"199,853"
tt3581652,West Side Story,156 min,"Crime, Drama, Musical",Steven Spielberg,"Ansel Elgort, Rachel Zegler, Ariana DeBose","English, Spanish","United States, Canada, United Kingdom",7.1,85,"98,656"
tt1488589,Guillermo del Toro's Pinocchio,117 min,"Animation, Adventure, Drama","Guillermo del Toro, Mark Gustafson","Ewan McGregor, David Bradley, Gregory Mann","English, Italian","United States, Mexico, France",7.6,79,"119,622"
tt15339456,Marcel the Shell with Shoes On,90 min,"Animation, Comedy, Drama",Dean Fleischer Camp,"Jenny Slate, Dean Fleischer Camp, Isabella Rossellini",English,United States,7.6,80,"31,513"
tt3915174,Puss in Boots: The Last Wish,102 min,"Animation, Action, Adventure","Joel Crawford, Januel Mercado","Antonio Banderas, Salma Hayek, Harvey Guillén","English, Spanish","United States, Japan",7.8,73,"202,212"
tt9288046,The Sea Beast,115 min,"Animation, Action, Adventure",Chris Williams,"Karl Urban, Zaris-Angel Hator, Jared Harris","English, Persian",United States,7.0,74,"62,092"
tt8097030,Turning Red,100 min,"Animation, Adventure, Comedy",Domee Shi,"Rosalie Chiang, Sandra Oh, Ava Morse","English, Cantonese, Korean","United States, Canada",6.9,83,"163,400"
tt1016150,All Quiet on the Western Front,148 min,"Drama, History, War",Edward Berger,"Felix Kammerer, Albrecht Schuch, Aaron Hilmer","German, French","Germany, United States, United Kingdom",7.8,76,"272,532"
tt15301048,"Argentina, 1985",140 min,"Biography, Crime, Drama",Santiago Mitre,"Ricardo Darín, Gina Mastronicola, Francisco Bertín","Spanish, English","Argentina, United Kingdom, United States",7.6,78,"33,894"
tt9660502,Close,104 min,Drama,Lukas Dhont,"Eden Dambrine, Gustav De Waele, Émilie Dequenne","French, Flemish, Dutch, English","Belgium, Netherlands, France",7.8,81,"40,916"
tt19652910,EO,88 min,Drama,Jerzy Skolimowski,"Hola, Tako, Marietta","Polish, Italian, English, French, Spanish","Poland, Italy",6.7,85,"15,323"
tt15109082,The Quiet Girl,95 min,Drama,Colm Bairéad,"Carrie Crowley, Andrew Bennett, Catherine Clinch","Irish Gaelic, English, Gaelic",Ireland,7.7,89,"25,030"
tt1630029,Avatar: The Way of Water,192 min,"Action, Adventure, Fantasy",James Cameron,"Sam Worthington, Zoe Saldaña, Sigourney Weaver",English,United States,7.5,67,"533,485"
tt11813216,The Banshees of Inisherin,114 min,"Comedy, Drama",Martin McDonagh,"Colin Farrell, Brendan Gleeson, Kerry Condon","English, Latin","Ireland, United Kingdom, United States",7.7,87,"277,451"
tt3704428,Elvis,159 min,"Biography, Drama, Music",Baz Luhrmann,"Tom Hanks, Austin Butler, Olivia DeJonge",English,"United States, Australia",7.3,64,"247,008"
tt6710474,Everything Everywhere All at Once,139 min,"Action, Adventure, Comedy","Daniel Kwan, Daniel Scheinert","Michelle Yeoh, Stephanie Hsu, Jamie Lee Curtis","English, Mandarin, Cantonese",United States,7.8,81,"570,853"
tt14208870,The Fabelmans,151 min,Drama,Steven Spielberg,"Michelle Williams, Gabriel LaBelle, Paul Dano",English,"United States, India",7.5,85,"127,065"
tt14444726,Tár,158 min,"Drama, Music",Todd Field,"Cate Blanchett, Noémie Merlant, Nina Hoss","English, German, Filipino, French",United States,7.4,93,"100,593"
tt1745960,Top Gun: Maverick,130 min,"Action, Drama",Joseph Kosinski,"Tom Cruise, Jennifer Connelly, Miles Teller",English,United States,8.2,78,"754,892"
tt7322224,Triangle of Sadness,147 min,"Comedy, Drama",Ruben Östlund,"Thobias Thorwid, Harris Dickinson, Charlbi Dean","English, Swedish, German, French, Greek, Tagalog, Akan","United Kingdom, Sweden, Germany, Mexico, France, Turkey, Denmark, United States, Switzerland, Greece",7.3,63,"201,623"
tt13669038,Women Talking,104 min,Drama,Sarah Polley,"Rooney Mara, Claire Foy, Jessie Buckley",English,United States,6.9,77,"44,731"
tt6587046,The Boy and the Heron,124 min,"Animation, Adventure, Drama",Hayao Miyazaki,"Soma Santoki, Masaki Suda, Kô Shibasaki",Japanese,Japan,7.4,91,"87,143"
tt15789038,Elemental,101 min,"Animation, Adventure, Comedy",Peter Sohn,"Leah Lewis, Mamoudou Athie, Ronnie Del Carmen",English,United States,7.0,58,"149,083"
tt19500164,Nimona,101 min,"Animation, Action, Adventure","Nick Bruno, Troy Quane","Chloë Grace Moretz, Riz Ahmed, Eugene Lee Yang",English,"United States, United Kingdom, France",7.5,75,"55,377"
tt13429870,Robot Dreams,103 min,"Animation, Comedy, Drama",Pablo Berger,Ivan Labanda,Spanish,"Spain, France",7.6,87,"17,944"
tt9362722,Spider-Man: Across the Spider-Verse,140 min,"Animation, Action, Adventure","Joaquim Dos Santos, Kemp Powers, Justin K. Thompson","Shameik Moore, Hailee Steinfeld, Brian Tyree Henry",English,United States,8.5,86,"453,833"
tt14225838,Io Capitano,121 min,Drama,Matteo Garrone,"Seydou Sarr, Moustapha Fall, Issaka Sawadogo","Wolof, French, Arabic, English","Italy, Belgium, France",7.6,79,"15,832"
tt27503384,Perfect Days,124 min,Drama,Wim Wenders,"Kôji Yakusho, Tokio Emoto, Arisa Nakano","Japanese, English","Japan, Germany",7.9,80,"82,487"
tt16277242,Society of the Snow,144 min,"Adventure, Biography, Drama",J.A. Bayona,"Enzo Vogrincic, Agustín Pardella, Matías Recalt",Spanish,Spain,7.8,72,"156,565"
tt26612950,The Teachers' Lounge,98 min,Drama,Ilker Çatak,"Leonie Benesch, Anne-Kathrin Gummich, Rafael Stachowiak","German, Turkish, Polish, English","Germany, United States",7.4,82,"25,330"
tt7160372,The Zone of Interest,105 min,"Drama, History, War",Jonathan Glazer,"Christian Friedel, Sandra Hüller, Johann Karthaus","German, Polish, Yiddish","United Kingdom, Poland, United States",7.3,92,"129,931"
tt23561236,American Fiction,117 min,"Comedy, Drama",Cord Jefferson,"Jeffrey Wright, Skyler Wright, John Ales",English,United States,7.5,81,"110,103"
tt17009710,Anatomy of a Fall,151 min,"Crime, Drama, Thriller",Justine Triet,"Sandra Hüller, Swann Arlaud, Milo Machado-Graner","French, English",France,7.7,86,"160,897"
tt1517268,Barbie,114 min,"Adventure, Comedy, Fantasy",Greta Gerwig,"Margot Robbie, Ryan Gosling, Issa Rae","English, Spanish","United States, United Kingdom",6.8,80,"596,493"
tt14849194,The Holdovers,133 min,"Comedy, Drama",Alexander Payne,"Paul Giamatti, Da'Vine Joy Randolph, Dominic Sessa",English,United States,7.9,82,"196,289"
tt5537002,Killers of the Flower Moon,206 min,"Crime, Drama, History",Martin Scorsese,"Leonardo DiCaprio, Robert De Niro, Lily Gladstone","English, Osage, Latin, French",United States,7.6,89,"281,536"
tt5535276,Maestro,129 min,"Biography, Drama, History",Bradley Cooper,"Carey Mulligan, Bradley Cooper, Matt Bomer",English,"United States, Canada",6.5,77,"67,033"
tt15398776,Oppenheimer,180 min,"Biography, Drama, History",Christopher Nolan,"Cillian Murphy, Emily Blunt, Matt Damon","English, German, Italian, Dutch","United States, United Kingdom",8.3,90,"878,936"
tt13238346,Past Lives,105 min,"Drama, Romance",Celine Song,"Greta Lee, Teo Yoo, John Magaro","Korean, English, Mandarin, French","United States, South Korea",7.8,94,"151,787"
tt14230458,Poor Things,141 min,"Comedy, Drama, Romance",Yorgos Lanthimos,"Emma Stone, Mark Ruffalo, Willem Dafoe","English, French, Portuguese","Ireland, United Kingdom, United States, Hungary",7.8,88,"337,982"
tt4772188,Flow,85 min,"Animation, Adventure, Family",Gints Zilbalodis,N/A,None,"Latvia, Belgium, France",7.9,87,"70,276"
tt22022452,Inside Out 2,96 min,"Animation, Adventure, Comedy",Kelsey Mann,"Amy Poehler, Maya Hawke, Kensington Tallman","English, French, Spanish",United States,7.5,73,"211,354"
tt23770030,Memoir of a Snail,95 min,"Animation, Drama",Adam Elliot,"Jacki Weaver, Sarah Snook, Charlotte Belsey","English, French",Australia,7.8,83,"7,172"
tt17163970,Wallace & Gromit: Vengeance Most Fowl,82 min,"Animation, Adventure, Comedy","Merlin Crossingham, Nick Park","Ben Whitehead, Peter Kay, Lauren Patel",English,United Kingdom,7.5,83,"32,826"
tt29623480,The Wild Robot,102 min,"Animation, Sci-Fi",Chris Sanders,"Lupita Nyong'o, Pedro Pascal, Kit Connor","English, German, French, Spanish, Swahili, Japanese","United States, Japan",8.2,85,"151,636"
tt20221436,Emilia Pérez,132 min,"Comedy, Crime, Drama",Jacques Audiard,"Zoe Saldaña, Karla Sofía Gascón, Selena Gomez","Spanish, English","France, Mexico, Belgium",5.4,70,"80,230"
tt10236164,The Girl with the Needle,123 min,"Crime, Drama, History",Magnus von Horn,"Vic Carmen Sonne, Trine Dyrholm, Besir Zeciri",Danish,"Denmark, Poland, Sweden, France, Belgium",7.5,82,"13,953"
tt14961016,I'm Still Here,137 min,"Biography, Drama, History",Walter Salles,"Fernanda Torres, Fernanda Montenegro, Selton Mello",Portuguese,"Brazil, France",8.6,85,"86,641"
tt32178949,The Seed of the Sacred Fig,167 min,"Crime, Drama, Thriller",Mohammad Rasoulof,"Soheila Golestani, Missagh Zareh, Setareh Maleki",Persian,"France, Germany",7.6,85,"4,554"
tt28607951,Anora,139 min,"Comedy, Drama, Romance",Sean Baker,"Mikey Madison, Paul Weissman, Yura Borisov","English, Russian, Armenian",United States,7.5,91,"176,420"
tt8999762,The Brutalist,216 min,Drama,Brady Corbet,"Adrien Brody, Felicity Jones, Guy Pearce","English, Hungarian, Italian, Hebrew, Yiddish, Russian, French","United States, United Kingdom, Canada",7.4,90,"78,828"
tt11563598,A Complete Unknown,141 min,"Biography, Drama, Music",James Mangold,"Timothée Chalamet, Edward Norton, Elle Fanning",English,United States,7.7,70,"74,164"
tt20215234,Conclave,120 min,"Drama, Thriller",Edward Berger,"Ralph Fiennes, Stanley Tucci, John Lithgow","English, Italian, Spanish, Latin","United Kingdom, United States",7.4,79,"147,765"
tt15239678,Dune: Part Two,166 min,"Action, Adventure, Drama",Denis Villeneuve,"Timothée Chalamet, Zendaya, Rebecca Ferguson",English,"United States, Canada, United Arab Emirates, Hungary, Italy, New Zealand, Jordan, Gambia",8.5,79,"626,461"
tt23055660,Nickel Boys,140 min,Drama,RaMell Ross,"Ethan Herisse, Brandon Wilson, Aunjanue Ellis-Taylor",English,United States,7.0,91,"16,693"
tt17526714,The Substance,141 min,"Drama, Horror, Sci-Fi",Coralie Fargeat,"Demi Moore, Margaret Qualley, Dennis Quaid",English,"United Kingdom, France",7.3,78,"296,980"
tt1262426,Wicked,160 min,"Fantasy, Musical, Romance",Jon M. Chu,"Cynthia Erivo, Ariana Grande, Jeff Goldblum",English,"United States, Japan, Canada, Iceland, United Kingdom",7.5,73,"156,595"
